Workbook

Sheet table_all
A1: adj ref | G1: 4 | H1: 7 | J1: 4 | K1: 7 | M1: 4 | N1: 7 | P1: 4 | Q1: 7 | S1: 4 | T1: 7 | V1: 4 | W1: 7 | Y1: 4 | Z1: 7 | AB1: 4 | AC1: 7 | AE1: 4 | AF1: 7
A2: col ref | B2: country | C2: d | D2: fb | E2: spb | G2: main_adjustment | H2: main_adjustment | J2: adverse_r_g | K2: adverse_r_g | M2: lower_spb | N2: lower_spb | P2: financial_stress | Q2: financial_stress | S2: stochastic | T2: stochastic | V2: deficit_reduction | W2: deficit_reduction | Y2: debt_safeguard | Z2: debt_safeguard | AB2: deficit_resilience | AC2: deficit_resilience | AE2: binding | AF2: binding
B3: Fiscal adjustment requirements under the new EU fiscal framework (structural primary balance measured in percent of GDP)
C5: European Commission forecasts for 2024 | G5: Min. SPB required by deterministic DSA | J5: Min. SPB required 'adverse r-g' scenario | M5: Min. SPB required 'lower SPB' scenario | P5: Min. SPB required 'financial stress' scenario | S5: Min. SPB required by stochastic DSA | V5: Min. SPB required by 3% deficit cap | Y5: Min. SPB required by EDP and the debt safeguard | AB5: Min. SPB required by EDP, debt safeguard and the deficit resilience safeguard | AE5: Minimum SPB satisfying all criteria | AH5: Average annual fiscal adjustment need
C7: Debt | D7: Fiscal balance | E7: SPB | G7: 4-year adj. | H7: 7-year adj. | J7: 4-year adj. | K7: 7-year adj. | M7: 4-year adj. | N7: 7-year adj. | P7: 4-year adj. | Q7: 7-year adj. | S7: 4-year adj. | T7: 7-year adj. | V7: 4-year adj. | W7: 7-year adj. | Y7: 4-year adj. | Z7: 7-year adj. | AB7: 4-year adj. | AC7: 7-year adj. | AE7: 4-year adj. | AF7: 7-year adj. | AH7: 4-year adj. | AI7: 7-year adj.
C8: (1) | D8: (2) | E8: (3) | G8: (4) | H8: (5) | J8: (6) | K8: (7) | M8: (8) | N8: (9) | P8: (10) | Q8: (11) | S8: (12) | T8: (13) | V8: (14) | W8: (15) | Y8: (16) | Z8: (17) | AB8: (18) | AC8: (19) | AE8: (19)=max(4,6,8,10,12,14,16,18) | AF8: (20)=max(5,7,9,11,13,15,17,19) | AH8: (21)={(19)-(3)}/4 | AI8: (22)={(20)-(3)}/7 | AK8: Legend
A9: GRC | B9: =INDEX(Table1[#All], MATCH($A9, ameco_2024_data!$A:$A, 0), MATCH(B$2, ameco_2024_data!$1:$1, 0)) -> Greece | C9: =INDEX(Table1[#All], MATCH($A9, ameco_2024_data!$A:$A, 0), MATCH(C$2, ameco_2024_data!$1:$1, 0)) -> 153.8524 | D9: =INDEX(Table1[#All], MATCH($A9, ameco_2024_data!$A:$A, 0), MATCH(D$2, ameco_2024_data!$1:$1, 0)) -> -1.1512785 | E9: =INDEX(Table1[#All], MATCH($A9, ameco_2024_data!$A:$A, 0), MATCH(E$2, ameco_2024_data!$1:$1, 0)) -> 1.7294 | G9: {=IF(INDEX(results_spb!$A$1:$Y$100, MATCH(1, (results_spb!$A$1:$A$100 = table_all!$B9) * (results_spb!$C$1:$C$100 = table_all!G$1), 0), MATCH(table_all!G$2, results_spb!$1:$1, 0)) = 0, "...", INDEX(results_spb!$A$1:$Y$100, MATCH(1, (results_spb!$A$1:$A$100 = table_all!$B9) * (results_spb!$C$1:$C$100 = table_all!G$1), 0), MATCH(table_all!G$2, results_spb!$1:$1, 0)))} -> 1.068 | H9: {=IF(INDEX(results_spb!$A$1:$Y$100, MATCH(1, (results_spb!$A$1:$A$100 = table_all!$B9) * (results_spb!$C$1:$C$100 = table_all!H$1), 0), MATCH(table_all!H$2, results_spb!$1:$1, 0)) = 0, "...", INDEX(results_spb!$A$1:$Y$100, MATCH(1, (results_spb!$A$1:$A$100 = table_all!$B9) * (results_spb!$C$1:$C$100 = table_all!H$1), 0), MATCH(table_all!H$2, results_spb!$1:$1, 0)))} -> 1.337 | J9: {=IF(INDEX(results_spb!$A$1:$Y$100, MATCH(1, (results_spb!$A$1:$A$100 = table_all!$B9) * (results_spb!$C$1:$C$100 = table_all!J$1), 0), MATCH(table_all!J$2, results_spb!$1:$1, 0)) = 0, "...", INDEX(results_spb!$A$1:$Y$100, MATCH(1, (results_spb!$A$1:$A$100 = table_all!$B9) * (results_spb!$C$1:$C$100 = table_all!J$1), 0), MATCH(table_all!J$2, results_spb!$1:$1, 0)))} -> 1.869 | K9: {=IF(INDEX(results_spb!$A$1:$Y$100, MATCH(1, (results_spb!$A$1:$A$100 = table_all!$B9) * (results_spb!$C$1:$C$100 = table_all!K$1), 0), MATCH(table_all!K$2, results_spb!$1:$1, 0)) = 0, "...", INDEX(results_spb!$A$1:$Y$100, MATCH(1, (results_spb!$A$1:$A$100 = table_all!$B9) * (results_spb!$C$1:$C$100 = table_all!K$1), 0), MATCH(table_all!K$2, results_spb!$1:$1, 0)))} -> 2.108 | M9: {=IF(INDEX(results_spb!$A$1:$Y$100, MATCH(1, (results_spb!$A$1:$A$100 = table_all!$B9) * (results_spb!$C$1:$C$100 = table_all!M$1), 0), MATCH(table_all!M$2, results_spb!$1:$1, 0)) = 0, "...", INDEX(results_spb!$A$1:$Y$100, MATCH(1, (results_spb!$A$1:$A$100 = table_all!$B9) * (results_spb!$C$1:$C$100 = table_all!M$1), 0), MATCH(table_all!M$2, results_spb!$1:$1, 0)))} -> 1.557 | N9: {=IF(INDEX(results_spb!$A$1:$Y$100, MATCH(1, (results_spb!$A$1:$A$100 = table_all!$B9) * (results_spb!$C$1:$C$100 = table_all!N$1), 0), MATCH(table_all!N$2, results_spb!$1:$1, 0)) = 0, "...", INDEX(results_spb!$A$1:$Y$100, MATCH(1, (results_spb!$A$1:$A$100 = table_all!$B9) * (results_spb!$C$1:$C$100 = table_all!N$1), 0), MATCH(table_all!N$2, results_spb!$1:$1, 0)))} -> 1.819 | P9: {=IF(INDEX(results_spb!$A$1:$Y$100, MATCH(1, (results_spb!$A$1:$A$100 = table_all!$B9) * (results_spb!$C$1:$C$100 = table_all!P$1), 0), MATCH(table_all!P$2, results_spb!$1:$1, 0)) = 0, "...", INDEX(results_spb!$A$1:$Y$100, MATCH(1, (results_spb!$A$1:$A$100 = table_all!$B9) * (results_spb!$C$1:$C$100 = table_all!P$1), 0), MATCH(table_all!P$2, results_spb!$1:$1, 0)))} -> 1.167 | Q9: {=IF(INDEX(results_spb!$A$1:$Y$100, MATCH(1, (results_spb!$A$1:$A$100 = table_all!$B9) * (results_spb!$C$1:$C$100 = table_all!Q$1), 0), MATCH(table_all!Q$2, results_spb!$1:$1, 0)) = 0, "...", INDEX(results_spb!$A$1:$Y$100, MATCH(1, (results_spb!$A$1:$A$100 = table_all!$B9) * (results_spb!$C$1:$C$100 = table_all!Q$1), 0), MATCH(table_all!Q$2, results_spb!$1:$1, 0)))} -> 1.41 | S9: {=IF(INDEX(results_spb!$A$1:$Y$100, MATCH(1, (results_spb!$A$1:$A$100 = table_all!$B9) * (results_spb!$C$1:$C$100 = table_all!S$1), 0), MATCH(table_all!S$2, results_spb!$1:$1, 0)) = 0, "...", INDEX(results_spb!$A$1:$Y$100, MATCH(1, (results_spb!$A$1:$A$100 = table_all!$B9) * (results_spb!$C$1:$C$100 = table_all!S$1), 0), MATCH(table_all!S$2, results_spb!$1:$1, 0)))} -> 0.897 | T9: {=IF(INDEX(results_spb!$A$1:$Y$100, MATCH(1, (results_spb!$A$1:$A$100 = table_all!$B9) * (results_spb!$C$1:$C$100 = table_all!T$1), 0), MATCH(table_all!T$2, results_spb!$1:$1, 0)) = 0, "...", INDEX(results_spb!$A$1:$Y$100, MATCH(1, (results_spb!$A$1:$A$100 = table_all!$B9) * (results_spb!$C$1:$C$100 = table_all!T$1), 0), MATCH(table_all!T$2, results_spb!$1:$1, 0)))} -> 1.956 | V9: {=IF(INDEX(results_spb!$A$1:$Y$100, MATCH(1, (results_spb!$A$1:$A$100 = table_all!$B9) * (results_spb!$C$1:$C$100 = table_all!V$1), 0), MATCH(table_all!V$2, results_spb!$1:$1, 0)) = 0, "...", INDEX(results_spb!$A$1:$Y$100, MATCH(1, (results_spb!$A$1:$A$100 = table_all!$B9) * (results_spb!$C$1:$C$100 = table_all!V$1), 0), MATCH(table_all!V$2, results_spb!$1:$1, 0)))} -> 1.745 | W9: {=IF(INDEX(results_spb!$A$1:$Y$100, MATCH(1, (results_spb!$A$1:$A$100 = table_all!$B9) * (results_spb!$C$1:$C$100 = table_all!W$1), 0), MATCH(table_all!W$2, results_spb!$1:$1, 0)) = 0, "...", INDEX(results_spb!$A$1:$Y$100, MATCH(1, (results_spb!$A$1:$A$100 = table_all!$B9) * (results_spb!$C$1:$C$100 = table_all!W$1), 0), MATCH(table_all!W$2, results_spb!$1:$1, 0)))} -> 2.056 | Y9: {=IF(INDEX(results_spb!$A$1:$Y$100, MATCH(1, (results_spb!$A$1:$A$100 = table_all!$B9) * (results_spb!$C$1:$C$100 = table_all!Y$1), 0), MATCH(table_all!Y$2, results_spb!$1:$1, 0)) = 0, "...", INDEX(results_spb!$A$1:$Y$100, MATCH(1, (results_spb!$A$1:$A$100 = table_all!$B9) * (results_spb!$C$1:$C$100 = table_all!Y$1), 0), MATCH(table_all!Y$2, results_spb!$1:$1, 0)))} -> ... | Z9: {=IF(INDEX(results_spb!$A$1:$Y$100, MATCH(1, (results_spb!$A$1:$A$100 = table_all!$B9) * (results_spb!$C$1:$C$100 = table_all!Z$1), 0), MATCH(table_all!Z$2, results_spb!$1:$1, 0)) = 0, "...", INDEX(results_spb!$A$1:$Y$100, MATCH(1, (results_spb!$A$1:$A$100 = table_all!$B9) * (results_spb!$C$1:$C$100 = table_all!Z$1), 0), MATCH(table_all!Z$2, results_spb!$1:$1, 0)))} -> ... | AB9: {=IF(INDEX(results_spb!$A$1:$Y$100, MATCH(1, (results_spb!$A$1:$A$100 = table_all!$B9) * (results_spb!$C$1:$C$100 = table_all!AB$1), 0), MATCH(table_all!AB$2, results_spb!$1:$1, 0)) = 0, "...", INDEX(results_spb!$A$1:$Y$100, MATCH(1, (results_spb!$A$1:$A$100 = table_all!$B9) * (results_spb!$C$1:$C$100 = table_all!AB$1), 0), MATCH(table_all!AB$2, results_spb!$1:$1, 0)))} -> ... | AC9: {=IF(INDEX(results_spb!$A$1:$Y$100, MATCH(1, (results_spb!$A$1:$A$100 = table_all!$B9) * (results_spb!$C$1:$C$100 = table_all!AC$1), 0), MATCH(table_all!AC$2, results_spb!$1:$1, 0)) = 0, "...", INDEX(results_spb!$A$1:$Y$100, MATCH(1, (results_spb!$A$1:$A$100 = table_all!$B9) * (results_spb!$C$1:$C$100 = table_all!AC$1), 0), MATCH(table_all!AC$2, results_spb!$1:$1, 0)))} -> ... | AE9: =MAX(G9,J9,M9,P9,S9,V9,Y9,AB9) -> 1.869 | AF9: =MAX(H9,K9,N9,Q9,T9,W9,Z9,AC9) -> 2.108 | AH9: =(AE9-$E9)/4 -> 0.0349 | AI9: =(AF9-$E9)/7 -> 0.054085714 | AL9: Binding deterministic scenario
A10: ITA | B10: =INDEX(Table1[#All], MATCH($A10, ameco_2024_data!$A:$A, 0), MATCH(B$2, ameco_2024_data!$1:$1, 0)) -> Italy | C10: =INDEX(Table1[#All], MATCH($A10, ameco_2024_data!$A:$A, 0), MATCH(C$2, ameco_2024_data!$1:$1, 0)) -> 138.6244 | D10: =INDEX(Table1[#All], MATCH($A10, ameco_2024_data!$A:$A, 0), MATCH(D$2, ameco_2024_data!$1:$1, 0)) -> -4.4258339 | E10: =INDEX(Table1[#All], MATCH($A10, ameco_2024_data!$A:$A, 0), MATCH(E$2, ameco_2024_data!$1:$1, 0)) -> -1.0503 | G10: {=IF(INDEX(results_spb!$A$1:$Y$100, MATCH(1, (results_spb!$A$1:$A$100 = table_all!$B10) * (results_spb!$C$1:$C$100 = table_all!G$1), 0), MATCH(table_all!G$2, results_spb!$1:$1, 0)) = 0, "...", INDEX(results_spb!$A$1:$Y$100, MATCH(1, (results_spb!$A$1:$A$100 = table_all!$B10) * (results_spb!$C$1:$C$100 = table_all!G$1), 0), MATCH(table_all!G$2, results_spb!$1:$1, 0)))} -> 2.224 | H10: {=IF(INDEX(results_spb!$A$1:$Y$100, MATCH(1, (results_spb!$A$1:$A$100 = table_all!$B10) * (results_spb!$C$1:$C$100 = table_all!H$1), 0), MATCH(table_all!H$2, results_spb!$1:$1, 0)) = 0, "...", INDEX(results_spb!$A$1:$Y$100, MATCH(1, (results_spb!$A$1:$A$100 = table_all!$B10) * (results_spb!$C$1:$C$100 = table_all!H$1), 0), MATCH(table_all!H$2, results_spb!$1:$1, 0)))} -> 2.009 | J10: {=IF(INDEX(results_spb!$A$1:$Y$100, MATCH(1, (results_spb!$A$1:$A$100 = table_all!$B10) * (results_spb!$C$1:$C$100 = table_all!J$1), 0), MATCH(table_all!J$2, results_spb!$1:$1, 0)) = 0, "...", INDEX(results_spb!$A$1:$Y$100, MATCH(1, (results_spb!$A$1:$A$100 = table_all!$B10) * (results_spb!$C$1:$C$100 = table_all!J$1), 0), MATCH(table_all!J$2, results_spb!$1:$1, 0)))} -> 3.286 | K10: {=IF(INDEX(results_spb!$A$1:$Y$100, MATCH(1, (results_spb!$A$1:$A$100 = table_all!$B10) * (results_spb!$C$1:$C$100 = table_all!K$1), 0), MATCH(table_all!K$2, results_spb!$1:$1, 0)) = 0, "...", INDEX(results_spb!$A$1:$Y$100, MATCH(1, (results_spb!$A$1:$A$100 = table_all!$B10) * (results_spb!$C$1:$C$100 = table_all!K$1), 0), MATCH(table_all!K$2, results_spb!$1:$1, 0)))} -> 2.997 | M10: {=IF(INDEX(results_spb!$A$1:$Y$100, MATCH(1, (results_spb!$A$1:$A$100 = table_all!$B10) * (results_spb!$C$1:$C$100 = table_all!M$1), 0), MATCH(table_all!M$2, results_spb!$1:$1, 0)) = 0, "...", INDEX(results_spb!$A$1:$Y$100, MATCH(1, (results_spb!$A$1:$A$100 = table_all!$B10) * (results_spb!$C$1:$C$100 = table_all!M$1), 0), MATCH(table_all!M$2, results_spb!$1:$1, 0)))} -> 2.703 | N10: {=IF(INDEX(results_spb!$A$1:$Y$100, MATCH(1, (results_spb!$A$1:$A$100 = table_all!$B10) * (results_spb!$C$1:$C$100 = table_all!N$1), 0), MATCH(table_all!N$2, results_spb!$1:$1, 0)) = 0, "...", INDEX(results_spb!$A$1:$Y$100, MATCH(1, (results_spb!$A$1:$A$100 = table_all!$B10) * (results_spb!$C$1:$C$100 = table_all!N$1), 0), MATCH(table_all!N$2, results_spb!$1:$1, 0)))} -> 2.57 | P10: {=IF(INDEX(results_spb!$A$1:$Y$100, MATCH(1, (results_spb!$A$1:$A$100 = table_all!$B10) * (results_spb!$C$1:$C$100 = table_all!P$1), 0), MATCH(table_all!P$2, results_spb!$1:$1, 0)) = 0, "...", INDEX(results_spb!$A$1:$Y$100, MATCH(1, (results_spb!$A$1:$A$100 = table_all!$B10) * (results_spb!$C$1:$C$100 = table_all!P$1), 0), MATCH(table_all!P$2, results_spb!$1:$1, 0)))} -> 2.542 | Q10: {=IF(INDEX(results_spb!$A$1:$Y$100, MATCH(1, (results_spb!$A$1:$A$100 = table_all!$B10) * (results_spb!$C$1:$C$100 = table_all!Q$1), 0), MATCH(table_all!Q$2, results_spb!$1:$1, 0)) = 0, "...", INDEX(results_spb!$A$1:$Y$100, MATCH(1, (results_spb!$A$1:$A$100 = table_all!$B10) * (results_spb!$C$1:$C$100 = table_all!Q$1), 0), MATCH(table_all!Q$2, results_spb!$1:$1, 0)))} -> 2.742 | S10: {=IF(INDEX(results_spb!$A$1:$Y$100, MATCH(1, (results_spb!$A$1:$A$100 = table_all!$B10) * (results_spb!$C$1:$C$100 = table_all!S$1), 0), MATCH(table_all!S$2, results_spb!$1:$1, 0)) = 0, "...", INDEX(results_spb!$A$1:$Y$100, MATCH(1, (results_spb!$A$1:$A$100 = table_all!$B10) * (results_spb!$C$1:$C$100 = table_all!S$1), 0), MATCH(table_all!S$2, results_spb!$1:$1, 0)))} -> 2.471 | T10: {=IF(INDEX(results_spb!$A$1:$Y$100, MATCH(1, (results_spb!$A$1:$A$100 = table_all!$B10) * (results_spb!$C$1:$C$100 = table_all!T$1), 0), MATCH(table_all!T$2, results_spb!$1:$1, 0)) = 0, "...", INDEX(results_spb!$A$1:$Y$100, MATCH(1, (results_spb!$A$1:$A$100 = table_all!$B10) * (results_spb!$C$1:$C$100 = table_all!T$1), 0), MATCH(table_all!T$2, results_spb!$1:$1, 0)))} -> 2.771 | V10: {=IF(INDEX(results_spb!$A$1:$Y$100, MATCH(1, (results_spb!$A$1:$A$100 = table_all!$B10) * (results_spb!$C$1:$C$100 = table_all!V$1), 0), MATCH(table_all!V$2, results_spb!$1:$1, 0)) = 0, "...", INDEX(results_spb!$A$1:$Y$100, MATCH(1, (results_spb!$A$1:$A$100 = table_all!$B10) * (results_spb!$C$1:$C$100 = table_all!V$1), 0), MATCH(table_all!V$2, results_spb!$1:$1, 0)))} -> 3.168 | W10: {=IF(INDEX(results_spb!$A$1:$Y$100, MATCH(1, (results_spb!$A$1:$A$100 = table_all!$B10) * (results_spb!$C$1:$C$100 = table_all!W$1), 0), MATCH(table_all!W$2, results_spb!$1:$1, 0)) = 0, "...", INDEX(results_spb!$A$1:$Y$100, MATCH(1, (results_spb!$A$1:$A$100 = table_all!$B10) * (results_spb!$C$1:$C$100 = table_all!W$1), 0), MATCH(table_all!W$2, results_spb!$1:$1, 0)))} -> 3.124 | Y10: {=IF(INDEX(results_spb!$A$1:$Y$100, MATCH(1, (results_spb!$A$1:$A$100 = table_all!$B10) * (results_spb!$C$1:$C$100 = table_all!Y$1), 0), MATCH(table_all!Y$2, results_spb!$1:$1, 0)) = 0, "...", INDEX(results_spb!$A$1:$Y$100, MATCH(1, (results_spb!$A$1:$A$100 = table_all!$B10) * (results_spb!$C$1:$C$100 = table_all!Y$1), 0), MATCH(table_all!Y$2, results_spb!$1:$1, 0)))} -> ... | Z10: {=IF(INDEX(results_spb!$A$1:$Y$100, MATCH(1, (results_spb!$A$1:$A$100 = table_all!$B10) * (results_spb!$C$1:$C$100 = table_all!Z$1), 0), MATCH(table_all!Z$2, results_spb!$1:$1, 0)) = 0, "...", INDEX(results_spb!$A$1:$Y$100, MATCH(1, (results_spb!$A$1:$A$100 = table_all!$B10) * (results_spb!$C$1:$C$100 = table_all!Z$1), 0), MATCH(table_all!Z$2, results_spb!$1:$1, 0)))} -> ... | AB10: {=IF(INDEX(results_spb!$A$1:$Y$100, MATCH(1, (results_spb!$A$1:$A$100 = table_all!$B10) * (results_spb!$C$1:$C$100 = table_all!AB$1), 0), MATCH(table_all!AB$2, results_spb!$1:$1, 0)) = 0, "...", INDEX(results_spb!$A$1:$Y$100, MATCH(1, (results_spb!$A$1:$A$100 = table_all!$B10) * (results_spb!$C$1:$C$100 = table_all!AB$1), 0), MATCH(table_all!AB$2, results_spb!$1:$1, 0)))} -> ... | AC10: {=IF(INDEX(results_spb!$A$1:$Y$100, MATCH(1, (results_spb!$A$1:$A$100 = table_all!$B10) * (results_spb!$C$1:$C$100 = table_all!AC$1), 0), MATCH(table_all!AC$2, results_spb!$1:$1, 0)) = 0, "...", INDEX(results_spb!$A$1:$Y$100, MATCH(1, (results_spb!$A$1:$A$100 = table_all!$B10) * (results_spb!$C$1:$C$100 = table_all!AC$1), 0), MATCH(table_all!AC$2, results_spb!$1:$1, 0)))} -> ... | AE10: =MAX(G10,J10,M10,P10,S10,V10,Y10,AB10) -> 3.286 | AF10: =MAX(H10,K10,N10,Q10,T10,W10,Z10,AC10) -> 3.124 | AH10: =(AE10-$E10)/4 -> 1.084075 | AI10: =(AF10-$E10)/7 -> 0.59632857 | AL10: Binding stochastic criterion
A11: FRA | B11: =INDEX(Table1[#All], MATCH($A11, ameco_2024_data!$A:$A, 0), MATCH(B$2, ameco_2024_data!$1:$1, 0)) -> France | C11: =INDEX(Table1[#All], MATCH($A11, ameco_2024_data!$A:$A, 0), MATCH(C$2, ameco_2024_data!$1:$1, 0)) -> 112.4088 | D11: =INDEX(Table1[#All], MATCH($A11, ameco_2024_data!$A:$A, 0), MATCH(D$2, ameco_2024_data!$1:$1, 0)) -> -5.3136057 | E11: =INDEX(Table1[#All], MATCH($A11, ameco_2024_data!$A:$A, 0), MATCH(E$2, ameco_2024_data!$1:$1, 0)) -> -2.9684 | G11: {=IF(INDEX(results_spb!$A$1:$Y$100, MATCH(1, (results_spb!$A$1:$A$100 = table_all!$B11) * (results_spb!$C$1:$C$100 = table_all!G$1), 0), MATCH(table_all!G$2, results_spb!$1:$1, 0)) = 0, "...", INDEX(results_spb!$A$1:$Y$100, MATCH(1, (results_spb!$A$1:$A$100 = table_all!$B11) * (results_spb!$C$1:$C$100 = table_all!G$1), 0), MATCH(table_all!G$2, results_spb!$1:$1, 0)))} -> -0.095 | H11: {=IF(INDEX(results_spb!$A$1:$Y$100, MATCH(1, (results_spb!$A$1:$A$100 = table_all!$B11) * (results_spb!$C$1:$C$100 = table_all!H$1), 0), MATCH(table_all!H$2, results_spb!$1:$1, 0)) = 0, "...", INDEX(results_spb!$A$1:$Y$100, MATCH(1, (results_spb!$A$1:$A$100 = table_all!$B11) * (results_spb!$C$1:$C$100 = table_all!H$1), 0), MATCH(table_all!H$2, results_spb!$1:$1, 0)))} -> -0.023 | J11: {=IF(INDEX(results_spb!$A$1:$Y$100, MATCH(1, (results_spb!$A$1:$A$100 = table_all!$B11) * (results_spb!$C$1:$C$100 = table_all!J$1), 0), MATCH(table_all!J$2, results_spb!$1:$1, 0)) = 0, "...", INDEX(results_spb!$A$1:$Y$100, MATCH(1, (results_spb!$A$1:$A$100 = table_all!$B11) * (results_spb!$C$1:$C$100 = table_all!J$1), 0), MATCH(table_all!J$2, results_spb!$1:$1, 0)))} -> 0.772 | K11: {=IF(INDEX(results_spb!$A$1:$Y$100, MATCH(1, (results_spb!$A$1:$A$100 = table_all!$B11) * (results_spb!$C$1:$C$100 = table_all!K$1), 0), MATCH(table_all!K$2, results_spb!$1:$1, 0)) = 0, "...", INDEX(results_spb!$A$1:$Y$100, MATCH(1, (results_spb!$A$1:$A$100 = table_all!$B11) * (results_spb!$C$1:$C$100 = table_all!K$1), 0), MATCH(table_all!K$2, results_spb!$1:$1, 0)))} -> 0.795 | M11: {=IF(INDEX(results_spb!$A$1:$Y$100, MATCH(1, (results_spb!$A$1:$A$100 = table_all!$B11) * (results_spb!$C$1:$C$100 = table_all!M$1), 0), MATCH(table_all!M$2, results_spb!$1:$1, 0)) = 0, "...", INDEX(results_spb!$A$1:$Y$100, MATCH(1, (results_spb!$A$1:$A$100 = table_all!$B11) * (results_spb!$C$1:$C$100 = table_all!M$1), 0), MATCH(table_all!M$2, results_spb!$1:$1, 0)))} -> 0.495 | N11: {=IF(INDEX(results_spb!$A$1:$Y$100, MATCH(1, (results_spb!$A$1:$A$100 = table_all!$B11) * (results_spb!$C$1:$C$100 = table_all!N$1), 0), MATCH(table_all!N$2, results_spb!$1:$1, 0)) = 0, "...", INDEX(results_spb!$A$1:$Y$100, MATCH(1, (results_spb!$A$1:$A$100 = table_all!$B11) * (results_spb!$C$1:$C$100 = table_all!N$1), 0), MATCH(table_all!N$2, results_spb!$1:$1, 0)))} -> 0.533 | P11: {=IF(INDEX(results_spb!$A$1:$Y$100, MATCH(1, (results_spb!$A$1:$A$100 = table_all!$B11) * (results_spb!$C$1:$C$100 = table_all!P$1), 0), MATCH(table_all!P$2, results_spb!$1:$1, 0)) = 0, "...", INDEX(results_spb!$A$1:$Y$100, MATCH(1, (results_spb!$A$1:$A$100 = table_all!$B11) * (results_spb!$C$1:$C$100 = table_all!P$1), 0), MATCH(table_all!P$2, results_spb!$1:$1, 0)))} -> 0.236 | Q11: {=IF(INDEX(results_spb!$A$1:$Y$100, MATCH(1, (results_spb!$A$1:$A$100 = table_all!$B11) * (results_spb!$C$1:$C$100 = table_all!Q$1), 0), MATCH(table_all!Q$2, results_spb!$1:$1, 0)) = 0, "...", INDEX(results_spb!$A$1:$Y$100, MATCH(1, (results_spb!$A$1:$A$100 = table_all!$B11) * (results_spb!$C$1:$C$100 = table_all!Q$1), 0), MATCH(table_all!Q$2, results_spb!$1:$1, 0)))} -> 0.383 | S11: {=IF(INDEX(results_spb!$A$1:$Y$100, MATCH(1, (results_spb!$A$1:$A$100 = table_all!$B11) * (results_spb!$C$1:$C$100 = table_all!S$1), 0), MATCH(table_all!S$2, results_spb!$1:$1, 0)) = 0, "...", INDEX(results_spb!$A$1:$Y$100, MATCH(1, (results_spb!$A$1:$A$100 = table_all!$B11) * (results_spb!$C$1:$C$100 = table_all!S$1), 0), MATCH(table_all!S$2, results_spb!$1:$1, 0)))} -> 0.482 | T11: {=IF(INDEX(results_spb!$A$1:$Y$100, MATCH(1, (results_spb!$A$1:$A$100 = table_all!$B11) * (results_spb!$C$1:$C$100 = table_all!T$1), 0), MATCH(table_all!T$2, results_spb!$1:$1, 0)) = 0, "...", INDEX(results_spb!$A$1:$Y$100, MATCH(1, (results_spb!$A$1:$A$100 = table_all!$B11) * (results_spb!$C$1:$C$100 = table_all!T$1), 0), MATCH(table_all!T$2, results_spb!$1:$1, 0)))} -> 0.587 | V11: {=IF(INDEX(results_spb!$A$1:$Y$100, MATCH(1, (results_spb!$A$1:$A$100 = table_all!$B11) * (results_spb!$C$1:$C$100 = table_all!V$1), 0), MATCH(table_all!V$2, results_spb!$1:$1, 0)) = 0, "...", INDEX(results_spb!$A$1:$Y$100, MATCH(1, (results_spb!$A$1:$A$100 = table_all!$B11) * (results_spb!$C$1:$C$100 = table_all!V$1), 0), MATCH(table_all!V$2, results_spb!$1:$1, 0)))} -> 0.673 | W11: {=IF(INDEX(results_spb!$A$1:$Y$100, MATCH(1, (results_spb!$A$1:$A$100 = table_all!$B11) * (results_spb!$C$1:$C$100 = table_all!W$1), 0), MATCH(table_all!W$2, results_spb!$1:$1, 0)) = 0, "...", INDEX(results_spb!$A$1:$Y$100, MATCH(1, (results_spb!$A$1:$A$100 = table_all!$B11) * (results_spb!$C$1:$C$100 = table_all!W$1), 0), MATCH(table_all!W$2, results_spb!$1:$1, 0)))} -> 0.753 | Y11: {=IF(INDEX(results_spb!$A$1:$Y$100, MATCH(1, (results_spb!$A$1:$A$100 = table_all!$B11) * (results_spb!$C$1:$C$100 = table_all!Y$1), 0), MATCH(table_all!Y$2, results_spb!$1:$1, 0)) = 0, "...", INDEX(results_spb!$A$1:$Y$100, MATCH(1, (results_spb!$A$1:$A$100 = table_all!$B11) * (results_spb!$C$1:$C$100 = table_all!Y$1), 0), MATCH(table_all!Y$2, results_spb!$1:$1, 0)))} -> ... | Z11: {=IF(INDEX(results_spb!$A$1:$Y$100, MATCH(1, (results_spb!$A$1:$A$100 = table_all!$B11) * (results_spb!$C$1:$C$100 = table_all!Z$1), 0), MATCH(table_all!Z$2, results_spb!$1:$1, 0)) = 0, "...", INDEX(results_spb!$A$1:$Y$100, MATCH(1, (results_spb!$A$1:$A$100 = table_all!$B11) * (results_spb!$C$1:$C$100 = table_all!Z$1), 0), MATCH(table_all!Z$2, results_spb!$1:$1, 0)))} -> ... | AB11: {=IF(INDEX(results_spb!$A$1:$Y$100, MATCH(1, (results_spb!$A$1:$A$100 = table_all!$B11) * (results_spb!$C$1:$C$100 = table_all!AB$1), 0), MATCH(table_all!AB$2, results_spb!$1:$1, 0)) = 0, "...", INDEX(results_spb!$A$1:$Y$100, MATCH(1, (results_spb!$A$1:$A$100 = table_all!$B11) * (results_spb!$C$1:$C$100 = table_all!AB$1), 0), MATCH(table_all!AB$2, results_spb!$1:$1, 0)))} -> ... | AC11: {=IF(INDEX(results_spb!$A$1:$Y$100, MATCH(1, (results_spb!$A$1:$A$100 = table_all!$B11) * (results_spb!$C$1:$C$100 = table_all!AC$1), 0), MATCH(table_all!AC$2, results_spb!$1:$1, 0)) = 0, "...", INDEX(results_spb!$A$1:$Y$100, MATCH(1, (results_spb!$A$1:$A$100 = table_all!$B11) * (results_spb!$C$1:$C$100 = table_all!AC$1), 0), MATCH(table_all!AC$2, results_spb!$1:$1, 0)))} -> 0.814 | AE11: =MAX(G11,J11,M11,P11,S11,V11,Y11,AB11) -> 0.772 | AF11: =MAX(H11,K11,N11,Q11,T11,W11,Z11,AC11) -> 0.814 | AH11: =(AE11-$E11)/4 -> 0.9351 | AI11: =(AF11-$E11)/7 -> 0.54034286 | AL11: Binding 3% deficit cap
A12: ESP | B12: =INDEX(Table1[#All], MATCH($A12, ameco_2024_data!$A:$A, 0), MATCH(B$2, ameco_2024_data!$1:$1, 0)) -> Spain | C12: =INDEX(Table1[#All], MATCH($A12, ameco_2024_data!$A:$A, 0), MATCH(C$2, ameco_2024_data!$1:$1, 0)) -> 105.5079 | D12: =INDEX(Table1[#All], MATCH($A12, ameco_2024_data!$A:$A, 0), MATCH(D$2, ameco_2024_data!$1:$1, 0)) -> -2.986415 | E12: =INDEX(Table1[#All], MATCH($A12, ameco_2024_data!$A:$A, 0), MATCH(E$2, ameco_2024_data!$1:$1, 0)) -> -0.849 | G12: {=IF(INDEX(results_spb!$A$1:$Y$100, MATCH(1, (results_spb!$A$1:$A$100 = table_all!$B12) * (results_spb!$C$1:$C$100 = table_all!G$1), 0), MATCH(table_all!G$2, results_spb!$1:$1, 0)) = 0, "...", INDEX(results_spb!$A$1:$Y$100, MATCH(1, (results_spb!$A$1:$A$100 = table_all!$B12) * (results_spb!$C$1:$C$100 = table_all!G$1), 0), MATCH(table_all!G$2, results_spb!$1:$1, 0)))} -> 2.047 | H12: {=IF(INDEX(results_spb!$A$1:$Y$100, MATCH(1, (results_spb!$A$1:$A$100 = table_all!$B12) * (results_spb!$C$1:$C$100 = table_all!H$1), 0), MATCH(table_all!H$2, results_spb!$1:$1, 0)) = 0, "...", INDEX(results_spb!$A$1:$Y$100, MATCH(1, (results_spb!$A$1:$A$100 = table_all!$B12) * (results_spb!$C$1:$C$100 = table_all!H$1), 0), MATCH(table_all!H$2, results_spb!$1:$1, 0)))} -> 2.108 | J12: {=IF(INDEX(results_spb!$A$1:$Y$100, MATCH(1, (results_spb!$A$1:$A$100 = table_all!$B12) * (results_spb!$C$1:$C$100 = table_all!J$1), 0), MATCH(table_all!J$2, results_spb!$1:$1, 0)) = 0, "...", INDEX(results_spb!$A$1:$Y$100, MATCH(1, (results_spb!$A$1:$A$100 = table_all!$B12) * (results_spb!$C$1:$C$100 = table_all!J$1), 0), MATCH(table_all!J$2, results_spb!$1:$1, 0)))} -> 2.73 | K12: {=IF(INDEX(results_spb!$A$1:$Y$100, MATCH(1, (results_spb!$A$1:$A$100 = table_all!$B12) * (results_spb!$C$1:$C$100 = table_all!K$1), 0), MATCH(table_all!K$2, results_spb!$1:$1, 0)) = 0, "...", INDEX(results_spb!$A$1:$Y$100, MATCH(1, (results_spb!$A$1:$A$100 = table_all!$B12) * (results_spb!$C$1:$C$100 = table_all!K$1), 0), MATCH(table_all!K$2, results_spb!$1:$1, 0)))} -> 2.777 | M12: {=IF(INDEX(results_spb!$A$1:$Y$100, MATCH(1, (results_spb!$A$1:$A$100 = table_all!$B12) * (results_spb!$C$1:$C$100 = table_all!M$1), 0), MATCH(table_all!M$2, results_spb!$1:$1, 0)) = 0, "...", INDEX(results_spb!$A$1:$Y$100, MATCH(1, (results_spb!$A$1:$A$100 = table_all!$B12) * (results_spb!$C$1:$C$100 = table_all!M$1), 0), MATCH(table_all!M$2, results_spb!$1:$1, 0)))} -> 2.541 | N12: {=IF(INDEX(results_spb!$A$1:$Y$100, MATCH(1, (results_spb!$A$1:$A$100 = table_all!$B12) * (results_spb!$C$1:$C$100 = table_all!N$1), 0), MATCH(table_all!N$2, results_spb!$1:$1, 0)) = 0, "...", INDEX(results_spb!$A$1:$Y$100, MATCH(1, (results_spb!$A$1:$A$100 = table_all!$B12) * (results_spb!$C$1:$C$100 = table_all!N$1), 0), MATCH(table_all!N$2, results_spb!$1:$1, 0)))} -> 2.599 | P12: {=IF(INDEX(results_spb!$A$1:$Y$100, MATCH(1, (results_spb!$A$1:$A$100 = table_all!$B12) * (results_spb!$C$1:$C$100 = table_all!P$1), 0), MATCH(table_all!P$2, results_spb!$1:$1, 0)) = 0, "...", INDEX(results_spb!$A$1:$Y$100, MATCH(1, (results_spb!$A$1:$A$100 = table_all!$B12) * (results_spb!$C$1:$C$100 = table_all!P$1), 0), MATCH(table_all!P$2, results_spb!$1:$1, 0)))} -> 2.095 | Q12: {=IF(INDEX(results_spb!$A$1:$Y$100, MATCH(1, (results_spb!$A$1:$A$100 = table_all!$B12) * (results_spb!$C$1:$C$100 = table_all!Q$1), 0), MATCH(table_all!Q$2, results_spb!$1:$1, 0)) = 0, "...", INDEX(results_spb!$A$1:$Y$100, MATCH(1, (results_spb!$A$1:$A$100 = table_all!$B12) * (results_spb!$C$1:$C$100 = table_all!Q$1), 0), MATCH(table_all!Q$2, results_spb!$1:$1, 0)))} -> 2.147 | S12: {=IF(INDEX(results_spb!$A$1:$Y$100, MATCH(1, (results_spb!$A$1:$A$100 = table_all!$B12) * (results_spb!$C$1:$C$100 = table_all!S$1), 0), MATCH(table_all!S$2, results_spb!$1:$1, 0)) = 0, "...", INDEX(results_spb!$A$1:$Y$100, MATCH(1, (results_spb!$A$1:$A$100 = table_all!$B12) * (results_spb!$C$1:$C$100 = table_all!S$1), 0), MATCH(table_all!S$2, results_spb!$1:$1, 0)))} -> 1.075 | T12: {=IF(INDEX(results_spb!$A$1:$Y$100, MATCH(1, (results_spb!$A$1:$A$100 = table_all!$B12) * (results_spb!$C$1:$C$100 = table_all!T$1), 0), MATCH(table_all!T$2, results_spb!$1:$1, 0)) = 0, "...", INDEX(results_spb!$A$1:$Y$100, MATCH(1, (results_spb!$A$1:$A$100 = table_all!$B12) * (results_spb!$C$1:$C$100 = table_all!T$1), 0), MATCH(table_all!T$2, results_spb!$1:$1, 0)))} -> 1.668 | V12: {=IF(INDEX(results_spb!$A$1:$Y$100, MATCH(1, (results_spb!$A$1:$A$100 = table_all!$B12) * (results_spb!$C$1:$C$100 = table_all!V$1), 0), MATCH(table_all!V$2, results_spb!$1:$1, 0)) = 0, "...", INDEX(results_spb!$A$1:$Y$100, MATCH(1, (results_spb!$A$1:$A$100 = table_all!$B12) * (results_spb!$C$1:$C$100 = table_all!V$1), 0), MATCH(table_all!V$2, results_spb!$1:$1, 0)))} -> 2.207 | W12: {=IF(INDEX(results_spb!$A$1:$Y$100, MATCH(1, (results_spb!$A$1:$A$100 = table_all!$B12) * (results_spb!$C$1:$C$100 = table_all!W$1), 0), MATCH(table_all!W$2, results_spb!$1:$1, 0)) = 0, "...", INDEX(results_spb!$A$1:$Y$100, MATCH(1, (results_spb!$A$1:$A$100 = table_all!$B12) * (results_spb!$C$1:$C$100 = table_all!W$1), 0), MATCH(table_all!W$2, results_spb!$1:$1, 0)))} -> 2.274 | Y12: {=IF(INDEX(results_spb!$A$1:$Y$100, MATCH(1, (results_spb!$A$1:$A$100 = table_all!$B12) * (results_spb!$C$1:$C$100 = table_all!Y$1), 0), MATCH(table_all!Y$2, results_spb!$1:$1, 0)) = 0, "...", INDEX(results_spb!$A$1:$Y$100, MATCH(1, (results_spb!$A$1:$A$100 = table_all!$B12) * (results_spb!$C$1:$C$100 = table_all!Y$1), 0), MATCH(table_all!Y$2, results_spb!$1:$1, 0)))} -> ... | Z12: {=IF(INDEX(results_spb!$A$1:$Y$100, MATCH(1, (results_spb!$A$1:$A$100 = table_all!$B12) * (results_spb!$C$1:$C$100 = table_all!Z$1), 0), MATCH(table_all!Z$2, results_spb!$1:$1, 0)) = 0, "...", INDEX(results_spb!$A$1:$Y$100, MATCH(1, (results_spb!$A$1:$A$100 = table_all!$B12) * (results_spb!$C$1:$C$100 = table_all!Z$1), 0), MATCH(table_all!Z$2, results_spb!$1:$1, 0)))} -> ... | AB12: {=IF(INDEX(results_spb!$A$1:$Y$100, MATCH(1, (results_spb!$A$1:$A$100 = table_all!$B12) * (results_spb!$C$1:$C$100 = table_all!AB$1), 0), MATCH(table_all!AB$2, results_spb!$1:$1, 0)) = 0, "...", INDEX(results_spb!$A$1:$Y$100, MATCH(1, (results_spb!$A$1:$A$100 = table_all!$B12) * (results_spb!$C$1:$C$100 = table_all!AB$1), 0), MATCH(table_all!AB$2, results_spb!$1:$1, 0)))} -> ... | AC12: {=IF(INDEX(results_spb!$A$1:$Y$100, MATCH(1, (results_spb!$A$1:$A$100 = table_all!$B12) * (results_spb!$C$1:$C$100 = table_all!AC$1), 0), MATCH(table_all!AC$2, results_spb!$1:$1, 0)) = 0, "...", INDEX(results_spb!$A$1:$Y$100, MATCH(1, (results_spb!$A$1:$A$100 = table_all!$B12) * (results_spb!$C$1:$C$100 = table_all!AC$1), 0), MATCH(table_all!AC$2, results_spb!$1:$1, 0)))} -> ... | AE12: =MAX(G12,J12,M12,P12,S12,V12,Y12,AB12) -> 2.73 | AF12: =MAX(H12,K12,N12,Q12,T12,W12,Z12,AC12) -> 2.777 | AH12: =(AE12-$E12)/4 -> 0.89475 | AI12: =(AF12-$E12)/7 -> 0.518 | AL12: Binding debt sustainability safeguard
A13: BEL | B13: =INDEX(Table1[#All], MATCH($A13, ameco_2024_data!$A:$A, 0), MATCH(B$2, ameco_2024_data!$1:$1, 0)) -> Belgium | C13: =INDEX(Table1[#All], MATCH($A13, ameco_2024_data!$A:$A, 0), MATCH(C$2, ameco_2024_data!$1:$1, 0)) -> 105.0356 | D13: =INDEX(Table1[#All], MATCH($A13, ameco_2024_data!$A:$A, 0), MATCH(D$2, ameco_2024_data!$1:$1, 0)) -> -4.4116011 | E13: =INDEX(Table1[#All], MATCH($A13, ameco_2024_data!$A:$A, 0), MATCH(E$2, ameco_2024_data!$1:$1, 0)) -> -1.8693 | G13: {=IF(INDEX(results_spb!$A$1:$Y$100, MATCH(1, (results_spb!$A$1:$A$100 = table_all!$B13) * (results_spb!$C$1:$C$100 = table_all!G$1), 0), MATCH(table_all!G$2, results_spb!$1:$1, 0)) = 0, "...", INDEX(results_spb!$A$1:$Y$100, MATCH(1, (results_spb!$A$1:$A$100 = table_all!$B13) * (results_spb!$C$1:$C$100 = table_all!G$1), 0), MATCH(table_all!G$2, results_spb!$1:$1, 0)))} -> 0.353 | H13: {=IF(INDEX(results_spb!$A$1:$Y$100, MATCH(1, (results_spb!$A$1:$A$100 = table_all!$B13) * (results_spb!$C$1:$C$100 = table_all!H$1), 0), MATCH(table_all!H$2, results_spb!$1:$1, 0)) = 0, "...", INDEX(results_spb!$A$1:$Y$100, MATCH(1, (results_spb!$A$1:$A$100 = table_all!$B13) * (results_spb!$C$1:$C$100 = table_all!H$1), 0), MATCH(table_all!H$2, results_spb!$1:$1, 0)))} -> 0.39 | J13: {=IF(INDEX(results_spb!$A$1:$Y$100, MATCH(1, (results_spb!$A$1:$A$100 = table_all!$B13) * (results_spb!$C$1:$C$100 = table_all!J$1), 0), MATCH(table_all!J$2, results_spb!$1:$1, 0)) = 0, "...", INDEX(results_spb!$A$1:$Y$100, MATCH(1, (results_spb!$A$1:$A$100 = table_all!$B13) * (results_spb!$C$1:$C$100 = table_all!J$1), 0), MATCH(table_all!J$2, results_spb!$1:$1, 0)))} -> 1.092 | K13: {=IF(INDEX(results_spb!$A$1:$Y$100, MATCH(1, (results_spb!$A$1:$A$100 = table_all!$B13) * (results_spb!$C$1:$C$100 = table_all!K$1), 0), MATCH(table_all!K$2, results_spb!$1:$1, 0)) = 0, "...", INDEX(results_spb!$A$1:$Y$100, MATCH(1, (results_spb!$A$1:$A$100 = table_all!$B13) * (results_spb!$C$1:$C$100 = table_all!K$1), 0), MATCH(table_all!K$2, results_spb!$1:$1, 0)))} -> 1.135 | M13: {=IF(INDEX(results_spb!$A$1:$Y$100, MATCH(1, (results_spb!$A$1:$A$100 = table_all!$B13) * (results_spb!$C$1:$C$100 = table_all!M$1), 0), MATCH(table_all!M$2, results_spb!$1:$1, 0)) = 0, "...", INDEX(results_spb!$A$1:$Y$100, MATCH(1, (results_spb!$A$1:$A$100 = table_all!$B13) * (results_spb!$C$1:$C$100 = table_all!M$1), 0), MATCH(table_all!M$2, results_spb!$1:$1, 0)))} -> 0.855 | N13: {=IF(INDEX(results_spb!$A$1:$Y$100, MATCH(1, (results_spb!$A$1:$A$100 = table_all!$B13) * (results_spb!$C$1:$C$100 = table_all!N$1), 0), MATCH(table_all!N$2, results_spb!$1:$1, 0)) = 0, "...", INDEX(results_spb!$A$1:$Y$100, MATCH(1, (results_spb!$A$1:$A$100 = table_all!$B13) * (results_spb!$C$1:$C$100 = table_all!N$1), 0), MATCH(table_all!N$2, results_spb!$1:$1, 0)))} -> 0.893 | P13: {=IF(INDEX(results_spb!$A$1:$Y$100, MATCH(1, (results_spb!$A$1:$A$100 = table_all!$B13) * (results_spb!$C$1:$C$100 = table_all!P$1), 0), MATCH(table_all!P$2, results_spb!$1:$1, 0)) = 0, "...", INDEX(results_spb!$A$1:$Y$100, MATCH(1, (results_spb!$A$1:$A$100 = table_all!$B13) * (results_spb!$C$1:$C$100 = table_all!P$1), 0), MATCH(table_all!P$2, results_spb!$1:$1, 0)))} -> 0.416 | Q13: {=IF(INDEX(results_spb!$A$1:$Y$100, MATCH(1, (results_spb!$A$1:$A$100 = table_all!$B13) * (results_spb!$C$1:$C$100 = table_all!Q$1), 0), MATCH(table_all!Q$2, results_spb!$1:$1, 0)) = 0, "...", INDEX(results_spb!$A$1:$Y$100, MATCH(1, (results_spb!$A$1:$A$100 = table_all!$B13) * (results_spb!$C$1:$C$100 = table_all!Q$1), 0), MATCH(table_all!Q$2, results_spb!$1:$1, 0)))} -> 0.451 | S13: {=IF(INDEX(results_spb!$A$1:$Y$100, MATCH(1, (results_spb!$A$1:$A$100 = table_all!$B13) * (results_spb!$C$1:$C$100 = table_all!S$1), 0), MATCH(table_all!S$2, results_spb!$1:$1, 0)) = 0, "...", INDEX(results_spb!$A$1:$Y$100, MATCH(1, (results_spb!$A$1:$A$100 = table_all!$B13) * (results_spb!$C$1:$C$100 = table_all!S$1), 0), MATCH(table_all!S$2, results_spb!$1:$1, 0)))} -> 0.432 | T13: {=IF(INDEX(results_spb!$A$1:$Y$100, MATCH(1, (results_spb!$A$1:$A$100 = table_all!$B13) * (results_spb!$C$1:$C$100 = table_all!T$1), 0), MATCH(table_all!T$2, results_spb!$1:$1, 0)) = 0, "...", INDEX(results_spb!$A$1:$Y$100, MATCH(1, (results_spb!$A$1:$A$100 = table_all!$B13) * (results_spb!$C$1:$C$100 = table_all!T$1), 0), MATCH(table_all!T$2, results_spb!$1:$1, 0)))} -> 0.657 | V13: {=IF(INDEX(results_spb!$A$1:$Y$100, MATCH(1, (results_spb!$A$1:$A$100 = table_all!$B13) * (results_spb!$C$1:$C$100 = table_all!V$1), 0), MATCH(table_all!V$2, results_spb!$1:$1, 0)) = 0, "...", INDEX(results_spb!$A$1:$Y$100, MATCH(1, (results_spb!$A$1:$A$100 = table_all!$B13) * (results_spb!$C$1:$C$100 = table_all!V$1), 0), MATCH(table_all!V$2, results_spb!$1:$1, 0)))} -> 0.814 | W13: {=IF(INDEX(results_spb!$A$1:$Y$100, MATCH(1, (results_spb!$A$1:$A$100 = table_all!$B13) * (results_spb!$C$1:$C$100 = table_all!W$1), 0), MATCH(table_all!W$2, results_spb!$1:$1, 0)) = 0, "...", INDEX(results_spb!$A$1:$Y$100, MATCH(1, (results_spb!$A$1:$A$100 = table_all!$B13) * (results_spb!$C$1:$C$100 = table_all!W$1), 0), MATCH(table_all!W$2, results_spb!$1:$1, 0)))} -> 0.923 | Y13: {=IF(INDEX(results_spb!$A$1:$Y$100, MATCH(1, (results_spb!$A$1:$A$100 = table_all!$B13) * (results_spb!$C$1:$C$100 = table_all!Y$1), 0), MATCH(table_all!Y$2, results_spb!$1:$1, 0)) = 0, "...", INDEX(results_spb!$A$1:$Y$100, MATCH(1, (results_spb!$A$1:$A$100 = table_all!$B13) * (results_spb!$C$1:$C$100 = table_all!Y$1), 0), MATCH(table_all!Y$2, results_spb!$1:$1, 0)))} -> ... | Z13: {=IF(INDEX(results_spb!$A$1:$Y$100, MATCH(1, (results_spb!$A$1:$A$100 = table_all!$B13) * (results_spb!$C$1:$C$100 = table_all!Z$1), 0), MATCH(table_all!Z$2, results_spb!$1:$1, 0)) = 0, "...", INDEX(results_spb!$A$1:$Y$100, MATCH(1, (results_spb!$A$1:$A$100 = table_all!$B13) * (results_spb!$C$1:$C$100 = table_all!Z$1), 0), MATCH(table_all!Z$2, results_spb!$1:$1, 0)))} -> ... | AB13: {=IF(INDEX(results_spb!$A$1:$Y$100, MATCH(1, (results_spb!$A$1:$A$100 = table_all!$B13) * (results_spb!$C$1:$C$100 = table_all!AB$1), 0), MATCH(table_all!AB$2, results_spb!$1:$1, 0)) = 0, "...", INDEX(results_spb!$A$1:$Y$100, MATCH(1, (results_spb!$A$1:$A$100 = table_all!$B13) * (results_spb!$C$1:$C$100 = table_all!AB$1), 0), MATCH(table_all!AB$2, results_spb!$1:$1, 0)))} -> ... | AC13: {=IF(INDEX(results_spb!$A$1:$Y$100, MATCH(1, (results_spb!$A$1:$A$100 = table_all!$B13) * (results_spb!$C$1:$C$100 = table_all!AC$1), 0), MATCH(table_all!AC$2, results_spb!$1:$1, 0)) = 0, "...", INDEX(results_spb!$A$1:$Y$100, MATCH(1, (results_spb!$A$1:$A$100 = table_all!$B13) * (results_spb!$C$1:$C$100 = table_all!AC$1), 0), MATCH(table_all!AC$2, results_spb!$1:$1, 0)))} -> ... | AE13: =MAX(G13,J13,M13,P13,S13,V13,Y13,AB13) -> 1.092 | AF13: =MAX(H13,K13,N13,Q13,T13,W13,Z13,AC13) -> 1.135 | AH13: =(AE13-$E13)/4 -> 0.740325 | AI13: =(AF13-$E13)/7 -> 0.42918571 | AL13: Binding deficit resilience safeguard, no impact on final SPB
A14: PRT | B14: =INDEX(Table1[#All], MATCH($A14, ameco_2024_data!$A:$A, 0), MATCH(B$2, ameco_2024_data!$1:$1, 0)) -> Portugal | C14: =INDEX(Table1[#All], MATCH($A14, ameco_2024_data!$A:$A, 0), MATCH(C$2, ameco_2024_data!$1:$1, 0)) -> 95.6314 | D14: =INDEX(Table1[#All], MATCH($A14, ameco_2024_data!$A:$A, 0), MATCH(D$2, ameco_2024_data!$1:$1, 0)) -> 0.4367736 | E14: =INDEX(Table1[#All], MATCH($A14, ameco_2024_data!$A:$A, 0), MATCH(E$2, ameco_2024_data!$1:$1, 0)) -> 2.2021 | G14: {=IF(INDEX(results_spb!$A$1:$Y$100, MATCH(1, (results_spb!$A$1:$A$100 = table_all!$B14) * (results_spb!$C$1:$C$100 = table_all!G$1), 0), MATCH(table_all!G$2, results_spb!$1:$1, 0)) = 0, "...", INDEX(results_spb!$A$1:$Y$100, MATCH(1, (results_spb!$A$1:$A$100 = table_all!$B14) * (results_spb!$C$1:$C$100 = table_all!G$1), 0), MATCH(table_all!G$2, results_spb!$1:$1, 0)))} -> 2.013 | H14: {=IF(INDEX(results_spb!$A$1:$Y$100, MATCH(1, (results_spb!$A$1:$A$100 = table_all!$B14) * (results_spb!$C$1:$C$100 = table_all!H$1), 0), MATCH(table_all!H$2, results_spb!$1:$1, 0)) = 0, "...", INDEX(results_spb!$A$1:$Y$100, MATCH(1, (results_spb!$A$1:$A$100 = table_all!$B14) * (results_spb!$C$1:$C$100 = table_all!H$1), 0), MATCH(table_all!H$2, results_spb!$1:$1, 0)))} -> 1.77 | J14: {=IF(INDEX(results_spb!$A$1:$Y$100, MATCH(1, (results_spb!$A$1:$A$100 = table_all!$B14) * (results_spb!$C$1:$C$100 = table_all!J$1), 0), MATCH(table_all!J$2, results_spb!$1:$1, 0)) = 0, "...", INDEX(results_spb!$A$1:$Y$100, MATCH(1, (results_spb!$A$1:$A$100 = table_all!$B14) * (results_spb!$C$1:$C$100 = table_all!J$1), 0), MATCH(table_all!J$2, results_spb!$1:$1, 0)))} -> 2.566 | K14: {=IF(INDEX(results_spb!$A$1:$Y$100, MATCH(1, (results_spb!$A$1:$A$100 = table_all!$B14) * (results_spb!$C$1:$C$100 = table_all!K$1), 0), MATCH(table_all!K$2, results_spb!$1:$1, 0)) = 0, "...", INDEX(results_spb!$A$1:$Y$100, MATCH(1, (results_spb!$A$1:$A$100 = table_all!$B14) * (results_spb!$C$1:$C$100 = table_all!K$1), 0), MATCH(table_all!K$2, results_spb!$1:$1, 0)))} -> 2.289 | M14: {=IF(INDEX(results_spb!$A$1:$Y$100, MATCH(1, (results_spb!$A$1:$A$100 = table_all!$B14) * (results_spb!$C$1:$C$100 = table_all!M$1), 0), MATCH(table_all!M$2, results_spb!$1:$1, 0)) = 0, "...", INDEX(results_spb!$A$1:$Y$100, MATCH(1, (results_spb!$A$1:$A$100 = table_all!$B14) * (results_spb!$C$1:$C$100 = table_all!M$1), 0), MATCH(table_all!M$2, results_spb!$1:$1, 0)))} -> 2.507 | N14: {=IF(INDEX(results_spb!$A$1:$Y$100, MATCH(1, (results_spb!$A$1:$A$100 = table_all!$B14) * (results_spb!$C$1:$C$100 = table_all!N$1), 0), MATCH(table_all!N$2, results_spb!$1:$1, 0)) = 0, "...", INDEX(results_spb!$A$1:$Y$100, MATCH(1, (results_spb!$A$1:$A$100 = table_all!$B14) * (results_spb!$C$1:$C$100 = table_all!N$1), 0), MATCH(table_all!N$2, results_spb!$1:$1, 0)))} -> 2.263 | P14: {=IF(INDEX(results_spb!$A$1:$Y$100, MATCH(1, (results_spb!$A$1:$A$100 = table_all!$B14) * (results_spb!$C$1:$C$100 = table_all!P$1), 0), MATCH(table_all!P$2, results_spb!$1:$1, 0)) = 0, "...", INDEX(results_spb!$A$1:$Y$100, MATCH(1, (results_spb!$A$1:$A$100 = table_all!$B14) * (results_spb!$C$1:$C$100 = table_all!P$1), 0), MATCH(table_all!P$2, results_spb!$1:$1, 0)))} -> 2.028 | Q14: {=IF(INDEX(results_spb!$A$1:$Y$100, MATCH(1, (results_spb!$A$1:$A$100 = table_all!$B14) * (results_spb!$C$1:$C$100 = table_all!Q$1), 0), MATCH(table_all!Q$2, results_spb!$1:$1, 0)) = 0, "...", INDEX(results_spb!$A$1:$Y$100, MATCH(1, (results_spb!$A$1:$A$100 = table_all!$B14) * (results_spb!$C$1:$C$100 = table_all!Q$1), 0), MATCH(table_all!Q$2, results_spb!$1:$1, 0)))} -> 1.79 | S14: {=IF(INDEX(results_spb!$A$1:$Y$100, MATCH(1, (results_spb!$A$1:$A$100 = table_all!$B14) * (results_spb!$C$1:$C$100 = table_all!S$1), 0), MATCH(table_all!S$2, results_spb!$1:$1, 0)) = 0, "...", INDEX(results_spb!$A$1:$Y$100, MATCH(1, (results_spb!$A$1:$A$100 = table_all!$B14) * (results_spb!$C$1:$C$100 = table_all!S$1), 0), MATCH(table_all!S$2, results_spb!$1:$1, 0)))} -> 1.98 | T14: {=IF(INDEX(results_spb!$A$1:$Y$100, MATCH(1, (results_spb!$A$1:$A$100 = table_all!$B14) * (results_spb!$C$1:$C$100 = table_all!T$1), 0), MATCH(table_all!T$2, results_spb!$1:$1, 0)) = 0, "...", INDEX(results_spb!$A$1:$Y$100, MATCH(1, (results_spb!$A$1:$A$100 = table_all!$B14) * (results_spb!$C$1:$C$100 = table_all!T$1), 0), MATCH(table_all!T$2, results_spb!$1:$1, 0)))} -> 2.188 | V14: {=IF(INDEX(results_spb!$A$1:$Y$100, MATCH(1, (results_spb!$A$1:$A$100 = table_all!$B14) * (results_spb!$C$1:$C$100 = table_all!V$1), 0), MATCH(table_all!V$2, results_spb!$1:$1, 0)) = 0, "...", INDEX(results_spb!$A$1:$Y$100, MATCH(1, (results_spb!$A$1:$A$100 = table_all!$B14) * (results_spb!$C$1:$C$100 = table_all!V$1), 0), MATCH(table_all!V$2, results_spb!$1:$1, 0)))} -> 1.682 | W14: {=IF(INDEX(results_spb!$A$1:$Y$100, MATCH(1, (results_spb!$A$1:$A$100 = table_all!$B14) * (results_spb!$C$1:$C$100 = table_all!W$1), 0), MATCH(table_all!W$2, results_spb!$1:$1, 0)) = 0, "...", INDEX(results_spb!$A$1:$Y$100, MATCH(1, (results_spb!$A$1:$A$100 = table_all!$B14) * (results_spb!$C$1:$C$100 = table_all!W$1), 0), MATCH(table_all!W$2, results_spb!$1:$1, 0)))} -> 1.461 | Y14: {=IF(INDEX(results_spb!$A$1:$Y$100, MATCH(1, (results_spb!$A$1:$A$100 = table_all!$B14) * (results_spb!$C$1:$C$100 = table_all!Y$1), 0), MATCH(table_all!Y$2, results_spb!$1:$1, 0)) = 0, "...", INDEX(results_spb!$A$1:$Y$100, MATCH(1, (results_spb!$A$1:$A$100 = table_all!$B14) * (results_spb!$C$1:$C$100 = table_all!Y$1), 0), MATCH(table_all!Y$2, results_spb!$1:$1, 0)))} -> ... | Z14: {=IF(INDEX(results_spb!$A$1:$Y$100, MATCH(1, (results_spb!$A$1:$A$100 = table_all!$B14) * (results_spb!$C$1:$C$100 = table_all!Z$1), 0), MATCH(table_all!Z$2, results_spb!$1:$1, 0)) = 0, "...", INDEX(results_spb!$A$1:$Y$100, MATCH(1, (results_spb!$A$1:$A$100 = table_all!$B14) * (results_spb!$C$1:$C$100 = table_all!Z$1), 0), MATCH(table_all!Z$2, results_spb!$1:$1, 0)))} -> ... | AB14: {=IF(INDEX(results_spb!$A$1:$Y$100, MATCH(1, (results_spb!$A$1:$A$100 = table_all!$B14) * (results_spb!$C$1:$C$100 = table_all!AB$1), 0), MATCH(table_all!AB$2, results_spb!$1:$1, 0)) = 0, "...", INDEX(results_spb!$A$1:$Y$100, MATCH(1, (results_spb!$A$1:$A$100 = table_all!$B14) * (results_spb!$C$1:$C$100 = table_all!AB$1), 0), MATCH(table_all!AB$2, results_spb!$1:$1, 0)))} -> ... | AC14: {=IF(INDEX(results_spb!$A$1:$Y$100, MATCH(1, (results_spb!$A$1:$A$100 = table_all!$B14) * (results_spb!$C$1:$C$100 = table_all!AC$1), 0), MATCH(table_all!AC$2, results_spb!$1:$1, 0)) = 0, "...", INDEX(results_spb!$A$1:$Y$100, MATCH(1, (results_spb!$A$1:$A$100 = table_all!$B14) * (results_spb!$C$1:$C$100 = table_all!AC$1), 0), MATCH(table_all!AC$2, results_spb!$1:$1, 0)))} -> ... | AE14: =MAX(G14,J14,M14,P14,S14,V14,Y14,AB14) -> 2.566 | AF14: =MAX(H14,K14,N14,Q14,T14,W14,Z14,AC14) -> 2.289 | AH14: =(AE14-$E14)/4 -> 0.090975 | AI14: =(AF14-$E14)/7 -> 0.012414286 | AL14: Binding deficit resilience safeguard, impact on final SPB
A15: FIN | B15: =INDEX(Table1[#All], MATCH($A15, ameco_2024_data!$A:$A, 0), MATCH(B$2, ameco_2024_data!$1:$1, 0)) -> Finland | C15: =INDEX(Table1[#All], MATCH($A15, ameco_2024_data!$A:$A, 0), MATCH(C$2, ameco_2024_data!$1:$1, 0)) -> 80.4874 | D15: =INDEX(Table1[#All], MATCH($A15, ameco_2024_data!$A:$A, 0), MATCH(D$2, ameco_2024_data!$1:$1, 0)) -> -3.4097269 | E15: =INDEX(Table1[#All], MATCH($A15, ameco_2024_data!$A:$A, 0), MATCH(E$2, ameco_2024_data!$1:$1, 0)) -> -0.5301 | G15: {=IF(INDEX(results_spb!$A$1:$Y$100, MATCH(1, (results_spb!$A$1:$A$100 = table_all!$B15) * (results_spb!$C$1:$C$100 = table_all!G$1), 0), MATCH(table_all!G$2, results_spb!$1:$1, 0)) = 0, "...", INDEX(results_spb!$A$1:$Y$100, MATCH(1, (results_spb!$A$1:$A$100 = table_all!$B15) * (results_spb!$C$1:$C$100 = table_all!G$1), 0), MATCH(table_all!G$2, results_spb!$1:$1, 0)))} -> 0.664 | H15: {=IF(INDEX(results_spb!$A$1:$Y$100, MATCH(1, (results_spb!$A$1:$A$100 = table_all!$B15) * (results_spb!$C$1:$C$100 = table_all!H$1), 0), MATCH(table_all!H$2, results_spb!$1:$1, 0)) = 0, "...", INDEX(results_spb!$A$1:$Y$100, MATCH(1, (results_spb!$A$1:$A$100 = table_all!$B15) * (results_spb!$C$1:$C$100 = table_all!H$1), 0), MATCH(table_all!H$2, results_spb!$1:$1, 0)))} -> 0.349 | J15: {=IF(INDEX(results_spb!$A$1:$Y$100, MATCH(1, (results_spb!$A$1:$A$100 = table_all!$B15) * (results_spb!$C$1:$C$100 = table_all!J$1), 0), MATCH(table_all!J$2, results_spb!$1:$1, 0)) = 0, "...", INDEX(results_spb!$A$1:$Y$100, MATCH(1, (results_spb!$A$1:$A$100 = table_all!$B15) * (results_spb!$C$1:$C$100 = table_all!J$1), 0), MATCH(table_all!J$2, results_spb!$1:$1, 0)))} -> 1.139 | K15: {=IF(INDEX(results_spb!$A$1:$Y$100, MATCH(1, (results_spb!$A$1:$A$100 = table_all!$B15) * (results_spb!$C$1:$C$100 = table_all!K$1), 0), MATCH(table_all!K$2, results_spb!$1:$1, 0)) = 0, "...", INDEX(results_spb!$A$1:$Y$100, MATCH(1, (results_spb!$A$1:$A$100 = table_all!$B15) * (results_spb!$C$1:$C$100 = table_all!K$1), 0), MATCH(table_all!K$2, results_spb!$1:$1, 0)))} -> 0.816 | M15: {=IF(INDEX(results_spb!$A$1:$Y$100, MATCH(1, (results_spb!$A$1:$A$100 = table_all!$B15) * (results_spb!$C$1:$C$100 = table_all!M$1), 0), MATCH(table_all!M$2, results_spb!$1:$1, 0)) = 0, "...", INDEX(results_spb!$A$1:$Y$100, MATCH(1, (results_spb!$A$1:$A$100 = table_all!$B15) * (results_spb!$C$1:$C$100 = table_all!M$1), 0), MATCH(table_all!M$2, results_spb!$1:$1, 0)))} -> 1.192 | N15: {=IF(INDEX(results_spb!$A$1:$Y$100, MATCH(1, (results_spb!$A$1:$A$100 = table_all!$B15) * (results_spb!$C$1:$C$100 = table_all!N$1), 0), MATCH(table_all!N$2, results_spb!$1:$1, 0)) = 0, "...", INDEX(results_spb!$A$1:$Y$100, MATCH(1, (results_spb!$A$1:$A$100 = table_all!$B15) * (results_spb!$C$1:$C$100 = table_all!N$1), 0), MATCH(table_all!N$2, results_spb!$1:$1, 0)))} -> 0.643 | P15: {=IF(INDEX(results_spb!$A$1:$Y$100, MATCH(1, (results_spb!$A$1:$A$100 = table_all!$B15) * (results_spb!$C$1:$C$100 = table_all!P$1), 0), MATCH(table_all!P$2, results_spb!$1:$1, 0)) = 0, "...", INDEX(results_spb!$A$1:$Y$100, MATCH(1, (results_spb!$A$1:$A$100 = table_all!$B15) * (results_spb!$C$1:$C$100 = table_all!P$1), 0), MATCH(table_all!P$2, results_spb!$1:$1, 0)))} -> 0.797 | Q15: {=IF(INDEX(results_spb!$A$1:$Y$100, MATCH(1, (results_spb!$A$1:$A$100 = table_all!$B15) * (results_spb!$C$1:$C$100 = table_all!Q$1), 0), MATCH(table_all!Q$2, results_spb!$1:$1, 0)) = 0, "...", INDEX(results_spb!$A$1:$Y$100, MATCH(1, (results_spb!$A$1:$A$100 = table_all!$B15) * (results_spb!$C$1:$C$100 = table_all!Q$1), 0), MATCH(table_all!Q$2, results_spb!$1:$1, 0)))} -> 0.491 | S15: {=IF(INDEX(results_spb!$A$1:$Y$100, MATCH(1, (results_spb!$A$1:$A$100 = table_all!$B15) * (results_spb!$C$1:$C$100 = table_all!S$1), 0), MATCH(table_all!S$2, results_spb!$1:$1, 0)) = 0, "...", INDEX(results_spb!$A$1:$Y$100, MATCH(1, (results_spb!$A$1:$A$100 = table_all!$B15) * (results_spb!$C$1:$C$100 = table_all!S$1), 0), MATCH(table_all!S$2, results_spb!$1:$1, 0)))} -> 1.381 | T15: {=IF(INDEX(results_spb!$A$1:$Y$100, MATCH(1, (results_spb!$A$1:$A$100 = table_all!$B15) * (results_spb!$C$1:$C$100 = table_all!T$1), 0), MATCH(table_all!T$2, results_spb!$1:$1, 0)) = 0, "...", INDEX(results_spb!$A$1:$Y$100, MATCH(1, (results_spb!$A$1:$A$100 = table_all!$B15) * (results_spb!$C$1:$C$100 = table_all!T$1), 0), MATCH(table_all!T$2, results_spb!$1:$1, 0)))} -> 0.98 | V15: {=IF(INDEX(results_spb!$A$1:$Y$100, MATCH(1, (results_spb!$A$1:$A$100 = table_all!$B15) * (results_spb!$C$1:$C$100 = table_all!V$1), 0), MATCH(table_all!V$2, results_spb!$1:$1, 0)) = 0, "...", INDEX(results_spb!$A$1:$Y$100, MATCH(1, (results_spb!$A$1:$A$100 = table_all!$B15) * (results_spb!$C$1:$C$100 = table_all!V$1), 0), MATCH(table_all!V$2, results_spb!$1:$1, 0)))} -> -0.384 | W15: {=IF(INDEX(results_spb!$A$1:$Y$100, MATCH(1, (results_spb!$A$1:$A$100 = table_all!$B15) * (results_spb!$C$1:$C$100 = table_all!W$1), 0), MATCH(table_all!W$2, results_spb!$1:$1, 0)) = 0, "...", INDEX(results_spb!$A$1:$Y$100, MATCH(1, (results_spb!$A$1:$A$100 = table_all!$B15) * (results_spb!$C$1:$C$100 = table_all!W$1), 0), MATCH(table_all!W$2, results_spb!$1:$1, 0)))} -> -0.615 | Y15: {=IF(INDEX(results_spb!$A$1:$Y$100, MATCH(1, (results_spb!$A$1:$A$100 = table_all!$B15) * (results_spb!$C$1:$C$100 = table_all!Y$1), 0), MATCH(table_all!Y$2, results_spb!$1:$1, 0)) = 0, "...", INDEX(results_spb!$A$1:$Y$100, MATCH(1, (results_spb!$A$1:$A$100 = table_all!$B15) * (results_spb!$C$1:$C$100 = table_all!Y$1), 0), MATCH(table_all!Y$2, results_spb!$1:$1, 0)))} -> 4.31 | Z15: {=IF(INDEX(results_spb!$A$1:$Y$100, MATCH(1, (results_spb!$A$1:$A$100 = table_all!$B15) * (results_spb!$C$1:$C$100 = table_all!Z$1), 0), MATCH(table_all!Z$2, results_spb!$1:$1, 0)) = 0, "...", INDEX(results_spb!$A$1:$Y$100, MATCH(1, (results_spb!$A$1:$A$100 = table_all!$B15) * (results_spb!$C$1:$C$100 = table_all!Z$1), 0), MATCH(table_all!Z$2, results_spb!$1:$1, 0)))} -> 3.321 | AB15: {=IF(INDEX(results_spb!$A$1:$Y$100, MATCH(1, (results_spb!$A$1:$A$100 = table_all!$B15) * (results_spb!$C$1:$C$100 = table_all!AB$1), 0), MATCH(table_all!AB$2, results_spb!$1:$1, 0)) = 0, "...", INDEX(results_spb!$A$1:$Y$100, MATCH(1, (results_spb!$A$1:$A$100 = table_all!$B15) * (results_spb!$C$1:$C$100 = table_all!AB$1), 0), MATCH(table_all!AB$2, results_spb!$1:$1, 0)))} -> ... | AC15: {=IF(INDEX(results_spb!$A$1:$Y$100, MATCH(1, (results_spb!$A$1:$A$100 = table_all!$B15) * (results_spb!$C$1:$C$100 = table_all!AC$1), 0), MATCH(table_all!AC$2, results_spb!$1:$1, 0)) = 0, "...", INDEX(results_spb!$A$1:$Y$100, MATCH(1, (results_spb!$A$1:$A$100 = table_all!$B15) * (results_spb!$C$1:$C$100 = table_all!AC$1), 0), MATCH(table_all!AC$2, results_spb!$1:$1, 0)))} -> ... | AE15: =MAX(G15,J15,M15,P15,S15,V15,Y15,AB15) -> 4.31 | AF15: =MAX(H15,K15,N15,Q15,T15,W15,Z15,AC15) -> 3.321 | AH15: =(AE15-$E15)/4 -> 1.210025 | AI15: =(AF15-$E15)/7 -> 0.55015714
A16: AUT | B16: =INDEX(Table1[#All], MATCH($A16, ameco_2024_data!$A:$A, 0), MATCH(B$2, ameco_2024_data!$1:$1, 0)) -> Austria | C16: =INDEX(Table1[#All], MATCH($A16, ameco_2024_data!$A:$A, 0), MATCH(C$2, ameco_2024_data!$1:$1, 0)) -> 77.6939 | D16: =INDEX(Table1[#All], MATCH($A16, ameco_2024_data!$A:$A, 0), MATCH(D$2, ameco_2024_data!$1:$1, 0)) -> -3.0652172 | E16: =INDEX(Table1[#All], MATCH($A16, ameco_2024_data!$A:$A, 0), MATCH(E$2, ameco_2024_data!$1:$1, 0)) -> -1.1266 | G16: {=IF(INDEX(results_spb!$A$1:$Y$100, MATCH(1, (results_spb!$A$1:$A$100 = table_all!$B16) * (results_spb!$C$1:$C$100 = table_all!G$1), 0), MATCH(table_all!G$2, results_spb!$1:$1, 0)) = 0, "...", INDEX(results_spb!$A$1:$Y$100, MATCH(1, (results_spb!$A$1:$A$100 = table_all!$B16) * (results_spb!$C$1:$C$100 = table_all!G$1), 0), MATCH(table_all!G$2, results_spb!$1:$1, 0)))} -> 0.185 | H16: {=IF(INDEX(results_spb!$A$1:$Y$100, MATCH(1, (results_spb!$A$1:$A$100 = table_all!$B16) * (results_spb!$C$1:$C$100 = table_all!H$1), 0), MATCH(table_all!H$2, results_spb!$1:$1, 0)) = 0, "...", INDEX(results_spb!$A$1:$Y$100, MATCH(1, (results_spb!$A$1:$A$100 = table_all!$B16) * (results_spb!$C$1:$C$100 = table_all!H$1), 0), MATCH(table_all!H$2, results_spb!$1:$1, 0)))} -> -0.06 | J16: {=IF(INDEX(results_spb!$A$1:$Y$100, MATCH(1, (results_spb!$A$1:$A$100 = table_all!$B16) * (results_spb!$C$1:$C$100 = table_all!J$1), 0), MATCH(table_all!J$2, results_spb!$1:$1, 0)) = 0, "...", INDEX(results_spb!$A$1:$Y$100, MATCH(1, (results_spb!$A$1:$A$100 = table_all!$B16) * (results_spb!$C$1:$C$100 = table_all!J$1), 0), MATCH(table_all!J$2, results_spb!$1:$1, 0)))} -> 0.781 | K16: {=IF(INDEX(results_spb!$A$1:$Y$100, MATCH(1, (results_spb!$A$1:$A$100 = table_all!$B16) * (results_spb!$C$1:$C$100 = table_all!K$1), 0), MATCH(table_all!K$2, results_spb!$1:$1, 0)) = 0, "...", INDEX(results_spb!$A$1:$Y$100, MATCH(1, (results_spb!$A$1:$A$100 = table_all!$B16) * (results_spb!$C$1:$C$100 = table_all!K$1), 0), MATCH(table_all!K$2, results_spb!$1:$1, 0)))} -> 0.55 | M16: {=IF(INDEX(results_spb!$A$1:$Y$100, MATCH(1, (results_spb!$A$1:$A$100 = table_all!$B16) * (results_spb!$C$1:$C$100 = table_all!M$1), 0), MATCH(table_all!M$2, results_spb!$1:$1, 0)) = 0, "...", INDEX(results_spb!$A$1:$Y$100, MATCH(1, (results_spb!$A$1:$A$100 = table_all!$B16) * (results_spb!$C$1:$C$100 = table_all!M$1), 0), MATCH(table_all!M$2, results_spb!$1:$1, 0)))} -> 0.691 | N16: {=IF(INDEX(results_spb!$A$1:$Y$100, MATCH(1, (results_spb!$A$1:$A$100 = table_all!$B16) * (results_spb!$C$1:$C$100 = table_all!N$1), 0), MATCH(table_all!N$2, results_spb!$1:$1, 0)) = 0, "...", INDEX(results_spb!$A$1:$Y$100, MATCH(1, (results_spb!$A$1:$A$100 = table_all!$B16) * (results_spb!$C$1:$C$100 = table_all!N$1), 0), MATCH(table_all!N$2, results_spb!$1:$1, 0)))} -> 0.449 | P16: {=IF(INDEX(results_spb!$A$1:$Y$100, MATCH(1, (results_spb!$A$1:$A$100 = table_all!$B16) * (results_spb!$C$1:$C$100 = table_all!P$1), 0), MATCH(table_all!P$2, results_spb!$1:$1, 0)) = 0, "...", INDEX(results_spb!$A$1:$Y$100, MATCH(1, (results_spb!$A$1:$A$100 = table_all!$B16) * (results_spb!$C$1:$C$100 = table_all!P$1), 0), MATCH(table_all!P$2, results_spb!$1:$1, 0)))} -> 0.208 | Q16: {=IF(INDEX(results_spb!$A$1:$Y$100, MATCH(1, (results_spb!$A$1:$A$100 = table_all!$B16) * (results_spb!$C$1:$C$100 = table_all!Q$1), 0), MATCH(table_all!Q$2, results_spb!$1:$1, 0)) = 0, "...", INDEX(results_spb!$A$1:$Y$100, MATCH(1, (results_spb!$A$1:$A$100 = table_all!$B16) * (results_spb!$C$1:$C$100 = table_all!Q$1), 0), MATCH(table_all!Q$2, results_spb!$1:$1, 0)))} -> -0.037 | S16: {=IF(INDEX(results_spb!$A$1:$Y$100, MATCH(1, (results_spb!$A$1:$A$100 = table_all!$B16) * (results_spb!$C$1:$C$100 = table_all!S$1), 0), MATCH(table_all!S$2, results_spb!$1:$1, 0)) = 0, "...", INDEX(results_spb!$A$1:$Y$100, MATCH(1, (results_spb!$A$1:$A$100 = table_all!$B16) * (results_spb!$C$1:$C$100 = table_all!S$1), 0), MATCH(table_all!S$2, results_spb!$1:$1, 0)))} -> 0.629 | T16: {=IF(INDEX(results_spb!$A$1:$Y$100, MATCH(1, (results_spb!$A$1:$A$100 = table_all!$B16) * (results_spb!$C$1:$C$100 = table_all!T$1), 0), MATCH(table_all!T$2, results_spb!$1:$1, 0)) = 0, "...", INDEX(results_spb!$A$1:$Y$100, MATCH(1, (results_spb!$A$1:$A$100 = table_all!$B16) * (results_spb!$C$1:$C$100 = table_all!T$1), 0), MATCH(table_all!T$2, results_spb!$1:$1, 0)))} -> 0.713 | V16: {=IF(INDEX(results_spb!$A$1:$Y$100, MATCH(1, (results_spb!$A$1:$A$100 = table_all!$B16) * (results_spb!$C$1:$C$100 = table_all!V$1), 0), MATCH(table_all!V$2, results_spb!$1:$1, 0)) = 0, "...", INDEX(results_spb!$A$1:$Y$100, MATCH(1, (results_spb!$A$1:$A$100 = table_all!$B16) * (results_spb!$C$1:$C$100 = table_all!V$1), 0), MATCH(table_all!V$2, results_spb!$1:$1, 0)))} -> -0.082 | W16: {=IF(INDEX(results_spb!$A$1:$Y$100, MATCH(1, (results_spb!$A$1:$A$100 = table_all!$B16) * (results_spb!$C$1:$C$100 = table_all!W$1), 0), MATCH(table_all!W$2, results_spb!$1:$1, 0)) = 0, "...", INDEX(results_spb!$A$1:$Y$100, MATCH(1, (results_spb!$A$1:$A$100 = table_all!$B16) * (results_spb!$C$1:$C$100 = table_all!W$1), 0), MATCH(table_all!W$2, results_spb!$1:$1, 0)))} -> -0.239 | Y16: {=IF(INDEX(results_spb!$A$1:$Y$100, MATCH(1, (results_spb!$A$1:$A$100 = table_all!$B16) * (results_spb!$C$1:$C$100 = table_all!Y$1), 0), MATCH(table_all!Y$2, results_spb!$1:$1, 0)) = 0, "...", INDEX(results_spb!$A$1:$Y$100, MATCH(1, (results_spb!$A$1:$A$100 = table_all!$B16) * (results_spb!$C$1:$C$100 = table_all!Y$1), 0), MATCH(table_all!Y$2, results_spb!$1:$1, 0)))} -> ... | Z16: {=IF(INDEX(results_spb!$A$1:$Y$100, MATCH(1, (results_spb!$A$1:$A$100 = table_all!$B16) * (results_spb!$C$1:$C$100 = table_all!Z$1), 0), MATCH(table_all!Z$2, results_spb!$1:$1, 0)) = 0, "...", INDEX(results_spb!$A$1:$Y$100, MATCH(1, (results_spb!$A$1:$A$100 = table_all!$B16) * (results_spb!$C$1:$C$100 = table_all!Z$1), 0), MATCH(table_all!Z$2, results_spb!$1:$1, 0)))} -> ... | AB16: {=IF(INDEX(results_spb!$A$1:$Y$100, MATCH(1, (results_spb!$A$1:$A$100 = table_all!$B16) * (results_spb!$C$1:$C$100 = table_all!AB$1), 0), MATCH(table_all!AB$2, results_spb!$1:$1, 0)) = 0, "...", INDEX(results_spb!$A$1:$Y$100, MATCH(1, (results_spb!$A$1:$A$100 = table_all!$B16) * (results_spb!$C$1:$C$100 = table_all!AB$1), 0), MATCH(table_all!AB$2, results_spb!$1:$1, 0)))} -> ... | AC16: {=IF(INDEX(results_spb!$A$1:$Y$100, MATCH(1, (results_spb!$A$1:$A$100 = table_all!$B16) * (results_spb!$C$1:$C$100 = table_all!AC$1), 0), MATCH(table_all!AC$2, results_spb!$1:$1, 0)) = 0, "...", INDEX(results_spb!$A$1:$Y$100, MATCH(1, (results_spb!$A$1:$A$100 = table_all!$B16) * (results_spb!$C$1:$C$100 = table_all!AC$1), 0), MATCH(table_all!AC$2, results_spb!$1:$1, 0)))} -> ... | AE16: =MAX(G16,J16,M16,P16,S16,V16,Y16,AB16) -> 0.781 | AF16: =MAX(H16,K16,N16,Q16,T16,W16,Z16,AC16) -> 0.713 | AH16: =(AE16-$E16)/4 -> 0.4769 | AI16: =(AF16-$E16)/7 -> 0.2628
A17: HUN | B17: =INDEX(Table1[#All], MATCH($A17, ameco_2024_data!$A:$A, 0), MATCH(B$2, ameco_2024_data!$1:$1, 0)) -> Hungary | C17: =INDEX(Table1[#All], MATCH($A17, ameco_2024_data!$A:$A, 0), MATCH(C$2, ameco_2024_data!$1:$1, 0)) -> 74.288 | D17: =INDEX(Table1[#All], MATCH($A17, ameco_2024_data!$A:$A, 0), MATCH(D$2, ameco_2024_data!$1:$1, 0)) -> -5.4353331 | E17: =INDEX(Table1[#All], MATCH($A17, ameco_2024_data!$A:$A, 0), MATCH(E$2, ameco_2024_data!$1:$1, 0)) -> 0.0349 | G17: {=IF(INDEX(results_spb!$A$1:$Y$100, MATCH(1, (results_spb!$A$1:$A$100 = table_all!$B17) * (results_spb!$C$1:$C$100 = table_all!G$1), 0), MATCH(table_all!G$2, results_spb!$1:$1, 0)) = 0, "...", INDEX(results_spb!$A$1:$Y$100, MATCH(1, (results_spb!$A$1:$A$100 = table_all!$B17) * (results_spb!$C$1:$C$100 = table_all!G$1), 0), MATCH(table_all!G$2, results_spb!$1:$1, 0)))} -> 2.592 | H17: {=IF(INDEX(results_spb!$A$1:$Y$100, MATCH(1, (results_spb!$A$1:$A$100 = table_all!$B17) * (results_spb!$C$1:$C$100 = table_all!H$1), 0), MATCH(table_all!H$2, results_spb!$1:$1, 0)) = 0, "...", INDEX(results_spb!$A$1:$Y$100, MATCH(1, (results_spb!$A$1:$A$100 = table_all!$B17) * (results_spb!$C$1:$C$100 = table_all!H$1), 0), MATCH(table_all!H$2, results_spb!$1:$1, 0)))} -> 2.979 | J17: {=IF(INDEX(results_spb!$A$1:$Y$100, MATCH(1, (results_spb!$A$1:$A$100 = table_all!$B17) * (results_spb!$C$1:$C$100 = table_all!J$1), 0), MATCH(table_all!J$2, results_spb!$1:$1, 0)) = 0, "...", INDEX(results_spb!$A$1:$Y$100, MATCH(1, (results_spb!$A$1:$A$100 = table_all!$B17) * (results_spb!$C$1:$C$100 = table_all!J$1), 0), MATCH(table_all!J$2, results_spb!$1:$1, 0)))} -> 3.049 | K17: {=IF(INDEX(results_spb!$A$1:$Y$100, MATCH(1, (results_spb!$A$1:$A$100 = table_all!$B17) * (results_spb!$C$1:$C$100 = table_all!K$1), 0), MATCH(table_all!K$2, results_spb!$1:$1, 0)) = 0, "...", INDEX(results_spb!$A$1:$Y$100, MATCH(1, (results_spb!$A$1:$A$100 = table_all!$B17) * (results_spb!$C$1:$C$100 = table_all!K$1), 0), MATCH(table_all!K$2, results_spb!$1:$1, 0)))} -> 3.291 | M17: {=IF(INDEX(results_spb!$A$1:$Y$100, MATCH(1, (results_spb!$A$1:$A$100 = table_all!$B17) * (results_spb!$C$1:$C$100 = table_all!M$1), 0), MATCH(table_all!M$2, results_spb!$1:$1, 0)) = 0, "...", INDEX(results_spb!$A$1:$Y$100, MATCH(1, (results_spb!$A$1:$A$100 = table_all!$B17) * (results_spb!$C$1:$C$100 = table_all!M$1), 0), MATCH(table_all!M$2, results_spb!$1:$1, 0)))} -> 3.047 | N17: {=IF(INDEX(results_spb!$A$1:$Y$100, MATCH(1, (results_spb!$A$1:$A$100 = table_all!$B17) * (results_spb!$C$1:$C$100 = table_all!N$1), 0), MATCH(table_all!N$2, results_spb!$1:$1, 0)) = 0, "...", INDEX(results_spb!$A$1:$Y$100, MATCH(1, (results_spb!$A$1:$A$100 = table_all!$B17) * (results_spb!$C$1:$C$100 = table_all!N$1), 0), MATCH(table_all!N$2, results_spb!$1:$1, 0)))} -> 3.273 | P17: {=IF(INDEX(results_spb!$A$1:$Y$100, MATCH(1, (results_spb!$A$1:$A$100 = table_all!$B17) * (results_spb!$C$1:$C$100 = table_all!P$1), 0), MATCH(table_all!P$2, results_spb!$1:$1, 0)) = 0, "...", INDEX(results_spb!$A$1:$Y$100, MATCH(1, (results_spb!$A$1:$A$100 = table_all!$B17) * (results_spb!$C$1:$C$100 = table_all!P$1), 0), MATCH(table_all!P$2, results_spb!$1:$1, 0)))} -> 2.616 | Q17: {=IF(INDEX(results_spb!$A$1:$Y$100, MATCH(1, (results_spb!$A$1:$A$100 = table_all!$B17) * (results_spb!$C$1:$C$100 = table_all!Q$1), 0), MATCH(table_all!Q$2, results_spb!$1:$1, 0)) = 0, "...", INDEX(results_spb!$A$1:$Y$100, MATCH(1, (results_spb!$A$1:$A$100 = table_all!$B17) * (results_spb!$C$1:$C$100 = table_all!Q$1), 0), MATCH(table_all!Q$2, results_spb!$1:$1, 0)))} -> 3.009 | S17: {=IF(INDEX(results_spb!$A$1:$Y$100, MATCH(1, (results_spb!$A$1:$A$100 = table_all!$B17) * (results_spb!$C$1:$C$100 = table_all!S$1), 0), MATCH(table_all!S$2, results_spb!$1:$1, 0)) = 0, "...", INDEX(results_spb!$A$1:$Y$100, MATCH(1, (results_spb!$A$1:$A$100 = table_all!$B17) * (results_spb!$C$1:$C$100 = table_all!S$1), 0), MATCH(table_all!S$2, results_spb!$1:$1, 0)))} -> 2.816 | T17: {=IF(INDEX(results_spb!$A$1:$Y$100, MATCH(1, (results_spb!$A$1:$A$100 = table_all!$B17) * (results_spb!$C$1:$C$100 = table_all!T$1), 0), MATCH(table_all!T$2, results_spb!$1:$1, 0)) = 0, "...", INDEX(results_spb!$A$1:$Y$100, MATCH(1, (results_spb!$A$1:$A$100 = table_all!$B17) * (results_spb!$C$1:$C$100 = table_all!T$1), 0), MATCH(table_all!T$2, results_spb!$1:$1, 0)))} -> 3.313 | V17: {=IF(INDEX(results_spb!$A$1:$Y$100, MATCH(1, (results_spb!$A$1:$A$100 = table_all!$B17) * (results_spb!$C$1:$C$100 = table_all!V$1), 0), MATCH(table_all!V$2, results_spb!$1:$1, 0)) = 0, "...", INDEX(results_spb!$A$1:$Y$100, MATCH(1, (results_spb!$A$1:$A$100 = table_all!$B17) * (results_spb!$C$1:$C$100 = table_all!V$1), 0), MATCH(table_all!V$2, results_spb!$1:$1, 0)))} -> 2.316 | W17: {=IF(INDEX(results_spb!$A$1:$Y$100, MATCH(1, (results_spb!$A$1:$A$100 = table_all!$B17) * (results_spb!$C$1:$C$100 = table_all!W$1), 0), MATCH(table_all!W$2, results_spb!$1:$1, 0)) = 0, "...", INDEX(results_spb!$A$1:$Y$100, MATCH(1, (results_spb!$A$1:$A$100 = table_all!$B17) * (results_spb!$C$1:$C$100 = table_all!W$1), 0), MATCH(table_all!W$2, results_spb!$1:$1, 0)))} -> 2.762 | Y17: {=IF(INDEX(results_spb!$A$1:$Y$100, MATCH(1, (results_spb!$A$1:$A$100 = table_all!$B17) * (results_spb!$C$1:$C$100 = table_all!Y$1), 0), MATCH(table_all!Y$2, results_spb!$1:$1, 0)) = 0, "...", INDEX(results_spb!$A$1:$Y$100, MATCH(1, (results_spb!$A$1:$A$100 = table_all!$B17) * (results_spb!$C$1:$C$100 = table_all!Y$1), 0), MATCH(table_all!Y$2, results_spb!$1:$1, 0)))} -> ... | Z17: {=IF(INDEX(results_spb!$A$1:$Y$100, MATCH(1, (results_spb!$A$1:$A$100 = table_all!$B17) * (results_spb!$C$1:$C$100 = table_all!Z$1), 0), MATCH(table_all!Z$2, results_spb!$1:$1, 0)) = 0, "...", INDEX(results_spb!$A$1:$Y$100, MATCH(1, (results_spb!$A$1:$A$100 = table_all!$B17) * (results_spb!$C$1:$C$100 = table_all!Z$1), 0), MATCH(table_all!Z$2, results_spb!$1:$1, 0)))} -> ... | AB17: {=IF(INDEX(results_spb!$A$1:$Y$100, MATCH(1, (results_spb!$A$1:$A$100 = table_all!$B17) * (results_spb!$C$1:$C$100 = table_all!AB$1), 0), MATCH(table_all!AB$2, results_spb!$1:$1, 0)) = 0, "...", INDEX(results_spb!$A$1:$Y$100, MATCH(1, (results_spb!$A$1:$A$100 = table_all!$B17) * (results_spb!$C$1:$C$100 = table_all!AB$1), 0), MATCH(table_all!AB$2, results_spb!$1:$1, 0)))} -> ... | AC17: {=IF(INDEX(results_spb!$A$1:$Y$100, MATCH(1, (results_spb!$A$1:$A$100 = table_all!$B17) * (results_spb!$C$1:$C$100 = table_all!AC$1), 0), MATCH(table_all!AC$2, results_spb!$1:$1, 0)) = 0, "...", INDEX(results_spb!$A$1:$Y$100, MATCH(1, (results_spb!$A$1:$A$100 = table_all!$B17) * (results_spb!$C$1:$C$100 = table_all!AC$1), 0), MATCH(table_all!AC$2, results_spb!$1:$1, 0)))} -> ... | AE17: =MAX(G17,J17,M17,P17,S17,V17,Y17,AB17) -> 3.049 | AF17: =MAX(H17,K17,N17,Q17,T17,W17,Z17,AC17) -> 3.313 | AH17: =(AE17-$E17)/4 -> 0.753525 | AI17: =(AF17-$E17)/7 -> 0.4683
A18: CYP | B18: =INDEX(Table1[#All], MATCH($A18, ameco_2024_data!$A:$A, 0), MATCH(B$2, ameco_2024_data!$1:$1, 0)) -> Cyprus | C18: =INDEX(Table1[#All], MATCH($A18, ameco_2024_data!$A:$A, 0), MATCH(C$2, ameco_2024_data!$1:$1, 0)) -> 70.5799 | D18: =INDEX(Table1[#All], MATCH($A18, ameco_2024_data!$A:$A, 0), MATCH(D$2, ameco_2024_data!$1:$1, 0)) -> 2.9141295 | E18: =INDEX(Table1[#All], MATCH($A18, ameco_2024_data!$A:$A, 0), MATCH(E$2, ameco_2024_data!$1:$1, 0)) -> 3.4824 | G18: {=IF(INDEX(results_spb!$A$1:$Y$100, MATCH(1, (results_spb!$A$1:$A$100 = table_all!$B18) * (results_spb!$C$1:$C$100 = table_all!G$1), 0), MATCH(table_all!G$2, results_spb!$1:$1, 0)) = 0, "...", INDEX(results_spb!$A$1:$Y$100, MATCH(1, (results_spb!$A$1:$A$100 = table_all!$B18) * (results_spb!$C$1:$C$100 = table_all!G$1), 0), MATCH(table_all!G$2, results_spb!$1:$1, 0)))} -> -0.021 | H18: {=IF(INDEX(results_spb!$A$1:$Y$100, MATCH(1, (results_spb!$A$1:$A$100 = table_all!$B18) * (results_spb!$C$1:$C$100 = table_all!H$1), 0), MATCH(table_all!H$2, results_spb!$1:$1, 0)) = 0, "...", INDEX(results_spb!$A$1:$Y$100, MATCH(1, (results_spb!$A$1:$A$100 = table_all!$B18) * (results_spb!$C$1:$C$100 = table_all!H$1), 0), MATCH(table_all!H$2, results_spb!$1:$1, 0)))} -> -0.473 | J18: {=IF(INDEX(results_spb!$A$1:$Y$100, MATCH(1, (results_spb!$A$1:$A$100 = table_all!$B18) * (results_spb!$C$1:$C$100 = table_all!J$1), 0), MATCH(table_all!J$2, results_spb!$1:$1, 0)) = 0, "...", INDEX(results_spb!$A$1:$Y$100, MATCH(1, (results_spb!$A$1:$A$100 = table_all!$B18) * (results_spb!$C$1:$C$100 = table_all!J$1), 0), MATCH(table_all!J$2, results_spb!$1:$1, 0)))} -> 0.328 | K18: {=IF(INDEX(results_spb!$A$1:$Y$100, MATCH(1, (results_spb!$A$1:$A$100 = table_all!$B18) * (results_spb!$C$1:$C$100 = table_all!K$1), 0), MATCH(table_all!K$2, results_spb!$1:$1, 0)) = 0, "...", INDEX(results_spb!$A$1:$Y$100, MATCH(1, (results_spb!$A$1:$A$100 = table_all!$B18) * (results_spb!$C$1:$C$100 = table_all!K$1), 0), MATCH(table_all!K$2, results_spb!$1:$1, 0)))} -> -0.189 | M18: {=IF(INDEX(results_spb!$A$1:$Y$100, MATCH(1, (results_spb!$A$1:$A$100 = table_all!$B18) * (results_spb!$C$1:$C$100 = table_all!M$1), 0), MATCH(table_all!M$2, results_spb!$1:$1, 0)) = 0, "...", INDEX(results_spb!$A$1:$Y$100, MATCH(1, (results_spb!$A$1:$A$100 = table_all!$B18) * (results_spb!$C$1:$C$100 = table_all!M$1), 0), MATCH(table_all!M$2, results_spb!$1:$1, 0)))} -> 0.354 | N18: {=IF(INDEX(results_spb!$A$1:$Y$100, MATCH(1, (results_spb!$A$1:$A$100 = table_all!$B18) * (results_spb!$C$1:$C$100 = table_all!N$1), 0), MATCH(table_all!N$2, results_spb!$1:$1, 0)) = 0, "...", INDEX(results_spb!$A$1:$Y$100, MATCH(1, (results_spb!$A$1:$A$100 = table_all!$B18) * (results_spb!$C$1:$C$100 = table_all!N$1), 0), MATCH(table_all!N$2, results_spb!$1:$1, 0)))} -> -0.158 | P18: {=IF(INDEX(results_spb!$A$1:$Y$100, MATCH(1, (results_spb!$A$1:$A$100 = table_all!$B18) * (results_spb!$C$1:$C$100 = table_all!P$1), 0), MATCH(table_all!P$2, results_spb!$1:$1, 0)) = 0, "...", INDEX(results_spb!$A$1:$Y$100, MATCH(1, (results_spb!$A$1:$A$100 = table_all!$B18) * (results_spb!$C$1:$C$100 = table_all!P$1), 0), MATCH(table_all!P$2, results_spb!$1:$1, 0)))} -> 0.02 | Q18: {=IF(INDEX(results_spb!$A$1:$Y$100, MATCH(1, (results_spb!$A$1:$A$100 = table_all!$B18) * (results_spb!$C$1:$C$100 = table_all!Q$1), 0), MATCH(table_all!Q$2, results_spb!$1:$1, 0)) = 0, "...", INDEX(results_spb!$A$1:$Y$100, MATCH(1, (results_spb!$A$1:$A$100 = table_all!$B18) * (results_spb!$C$1:$C$100 = table_all!Q$1), 0), MATCH(table_all!Q$2, results_spb!$1:$1, 0)))} -> -0.468 | S18: {=IF(INDEX(results_spb!$A$1:$Y$100, MATCH(1, (results_spb!$A$1:$A$100 = table_all!$B18) * (results_spb!$C$1:$C$100 = table_all!S$1), 0), MATCH(table_all!S$2, results_spb!$1:$1, 0)) = 0, "...", INDEX(results_spb!$A$1:$Y$100, MATCH(1, (results_spb!$A$1:$A$100 = table_all!$B18) * (results_spb!$C$1:$C$100 = table_all!S$1), 0), MATCH(table_all!S$2, results_spb!$1:$1, 0)))} -> 0.247 | T18: {=IF(INDEX(results_spb!$A$1:$Y$100, MATCH(1, (results_spb!$A$1:$A$100 = table_all!$B18) * (results_spb!$C$1:$C$100 = table_all!T$1), 0), MATCH(table_all!T$2, results_spb!$1:$1, 0)) = 0, "...", INDEX(results_spb!$A$1:$Y$100, MATCH(1, (results_spb!$A$1:$A$100 = table_all!$B18) * (results_spb!$C$1:$C$100 = table_all!T$1), 0), MATCH(table_all!T$2, results_spb!$1:$1, 0)))} -> -0.416 | V18: {=IF(INDEX(results_spb!$A$1:$Y$100, MATCH(1, (results_spb!$A$1:$A$100 = table_all!$B18) * (results_spb!$C$1:$C$100 = table_all!V$1), 0), MATCH(table_all!V$2, results_spb!$1:$1, 0)) = 0, "...", INDEX(results_spb!$A$1:$Y$100, MATCH(1, (results_spb!$A$1:$A$100 = table_all!$B18) * (results_spb!$C$1:$C$100 = table_all!V$1), 0), MATCH(table_all!V$2, results_spb!$1:$1, 0)))} -> 0.701 | W18: {=IF(INDEX(results_spb!$A$1:$Y$100, MATCH(1, (results_spb!$A$1:$A$100 = table_all!$B18) * (results_spb!$C$1:$C$100 = table_all!W$1), 0), MATCH(table_all!W$2, results_spb!$1:$1, 0)) = 0, "...", INDEX(results_spb!$A$1:$Y$100, MATCH(1, (results_spb!$A$1:$A$100 = table_all!$B18) * (results_spb!$C$1:$C$100 = table_all!W$1), 0), MATCH(table_all!W$2, results_spb!$1:$1, 0)))} -> 0.292 | Y18: {=IF(INDEX(results_spb!$A$1:$Y$100, MATCH(1, (results_spb!$A$1:$A$100 = table_all!$B18) * (results_spb!$C$1:$C$100 = table_all!Y$1), 0), MATCH(table_all!Y$2, results_spb!$1:$1, 0)) = 0, "...", INDEX(results_spb!$A$1:$Y$100, MATCH(1, (results_spb!$A$1:$A$100 = table_all!$B18) * (results_spb!$C$1:$C$100 = table_all!Y$1), 0), MATCH(table_all!Y$2, results_spb!$1:$1, 0)))} -> ... | Z18: {=IF(INDEX(results_spb!$A$1:$Y$100, MATCH(1, (results_spb!$A$1:$A$100 = table_all!$B18) * (results_spb!$C$1:$C$100 = table_all!Z$1), 0), MATCH(table_all!Z$2, results_spb!$1:$1, 0)) = 0, "...", INDEX(results_spb!$A$1:$Y$100, MATCH(1, (results_spb!$A$1:$A$100 = table_all!$B18) * (results_spb!$C$1:$C$100 = table_all!Z$1), 0), MATCH(table_all!Z$2, results_spb!$1:$1, 0)))} -> ... | AB18: {=IF(INDEX(results_spb!$A$1:$Y$100, MATCH(1, (results_spb!$A$1:$A$100 = table_all!$B18) * (results_spb!$C$1:$C$100 = table_all!AB$1), 0), MATCH(table_all!AB$2, results_spb!$1:$1, 0)) = 0, "...", INDEX(results_spb!$A$1:$Y$100, MATCH(1, (results_spb!$A$1:$A$100 = table_all!$B18) * (results_spb!$C$1:$C$100 = table_all!AB$1), 0), MATCH(table_all!AB$2, results_spb!$1:$1, 0)))} -> ... | AC18: {=IF(INDEX(results_spb!$A$1:$Y$100, MATCH(1, (results_spb!$A$1:$A$100 = table_all!$B18) * (results_spb!$C$1:$C$100 = table_all!AC$1), 0), MATCH(table_all!AC$2, results_spb!$1:$1, 0)) = 0, "...", INDEX(results_spb!$A$1:$Y$100, MATCH(1, (results_spb!$A$1:$A$100 = table_all!$B18) * (results_spb!$C$1:$C$100 = table_all!AC$1), 0), MATCH(table_all!AC$2, results_spb!$1:$1, 0)))} -> ... | AE18: =MAX(G18,J18,M18,P18,S18,V18,Y18,AB18) -> 0.701 | AF18: =MAX(H18,K18,N18,Q18,T18,W18,Z18,AC18) -> 0.292 | AH18: =(AE18-$E18)/4 -> -0.69535 | AI18: =(AF18-$E18)/7 -> -0.45577143
A19: SVN | B19: =INDEX(Table1[#All], MATCH($A19, ameco_2024_data!$A:$A, 0), MATCH(B$2, ameco_2024_data!$1:$1, 0)) -> Slovenia | C19: =INDEX(Table1[#All], MATCH($A19, ameco_2024_data!$A:$A, 0), MATCH(C$2, ameco_2024_data!$1:$1, 0)) -> 68.0735 | D19: =INDEX(Table1[#All], MATCH($A19, ameco_2024_data!$A:$A, 0), MATCH(D$2, ameco_2024_data!$1:$1, 0)) -> -2.8026969 | E19: =INDEX(Table1[#All], MATCH($A19, ameco_2024_data!$A:$A, 0), MATCH(E$2, ameco_2024_data!$1:$1, 0)) -> -1.2447 | G19: {=IF(INDEX(results_spb!$A$1:$Y$100, MATCH(1, (results_spb!$A$1:$A$100 = table_all!$B19) * (results_spb!$C$1:$C$100 = table_all!G$1), 0), MATCH(table_all!G$2, results_spb!$1:$1, 0)) = 0, "...", INDEX(results_spb!$A$1:$Y$100, MATCH(1, (results_spb!$A$1:$A$100 = table_all!$B19) * (results_spb!$C$1:$C$100 = table_all!G$1), 0), MATCH(table_all!G$2, results_spb!$1:$1, 0)))} -> 0.135 | H19: {=IF(INDEX(results_spb!$A$1:$Y$100, MATCH(1, (results_spb!$A$1:$A$100 = table_all!$B19) * (results_spb!$C$1:$C$100 = table_all!H$1), 0), MATCH(table_all!H$2, results_spb!$1:$1, 0)) = 0, "...", INDEX(results_spb!$A$1:$Y$100, MATCH(1, (results_spb!$A$1:$A$100 = table_all!$B19) * (results_spb!$C$1:$C$100 = table_all!H$1), 0), MATCH(table_all!H$2, results_spb!$1:$1, 0)))} -> 0.192 | J19: {=IF(INDEX(results_spb!$A$1:$Y$100, MATCH(1, (results_spb!$A$1:$A$100 = table_all!$B19) * (results_spb!$C$1:$C$100 = table_all!J$1), 0), MATCH(table_all!J$2, results_spb!$1:$1, 0)) = 0, "...", INDEX(results_spb!$A$1:$Y$100, MATCH(1, (results_spb!$A$1:$A$100 = table_all!$B19) * (results_spb!$C$1:$C$100 = table_all!J$1), 0), MATCH(table_all!J$2, results_spb!$1:$1, 0)))} -> 0.46 | K19: {=IF(INDEX(results_spb!$A$1:$Y$100, MATCH(1, (results_spb!$A$1:$A$100 = table_all!$B19) * (results_spb!$C$1:$C$100 = table_all!K$1), 0), MATCH(table_all!K$2, results_spb!$1:$1, 0)) = 0, "...", INDEX(results_spb!$A$1:$Y$100, MATCH(1, (results_spb!$A$1:$A$100 = table_all!$B19) * (results_spb!$C$1:$C$100 = table_all!K$1), 0), MATCH(table_all!K$2, results_spb!$1:$1, 0)))} -> 0.479 | M19: {=IF(INDEX(results_spb!$A$1:$Y$100, MATCH(1, (results_spb!$A$1:$A$100 = table_all!$B19) * (results_spb!$C$1:$C$100 = table_all!M$1), 0), MATCH(table_all!M$2, results_spb!$1:$1, 0)) = 0, "...", INDEX(results_spb!$A$1:$Y$100, MATCH(1, (results_spb!$A$1:$A$100 = table_all!$B19) * (results_spb!$C$1:$C$100 = table_all!M$1), 0), MATCH(table_all!M$2, results_spb!$1:$1, 0)))} -> 0.515 | N19: {=IF(INDEX(results_spb!$A$1:$Y$100, MATCH(1, (results_spb!$A$1:$A$100 = table_all!$B19) * (results_spb!$C$1:$C$100 = table_all!N$1), 0), MATCH(table_all!N$2, results_spb!$1:$1, 0)) = 0, "...", INDEX(results_spb!$A$1:$Y$100, MATCH(1, (results_spb!$A$1:$A$100 = table_all!$B19) * (results_spb!$C$1:$C$100 = table_all!N$1), 0), MATCH(table_all!N$2, results_spb!$1:$1, 0)))} -> 0.51 | P19: {=IF(INDEX(results_spb!$A$1:$Y$100, MATCH(1, (results_spb!$A$1:$A$100 = table_all!$B19) * (results_spb!$C$1:$C$100 = table_all!P$1), 0), MATCH(table_all!P$2, results_spb!$1:$1, 0)) = 0, "...", INDEX(results_spb!$A$1:$Y$100, MATCH(1, (results_spb!$A$1:$A$100 = table_all!$B19) * (results_spb!$C$1:$C$100 = table_all!P$1), 0), MATCH(table_all!P$2, results_spb!$1:$1, 0)))} -> 0.162 | Q19: {=IF(INDEX(results_spb!$A$1:$Y$100, MATCH(1, (results_spb!$A$1:$A$100 = table_all!$B19) * (results_spb!$C$1:$C$100 = table_all!Q$1), 0), MATCH(table_all!Q$2, results_spb!$1:$1, 0)) = 0, "...", INDEX(results_spb!$A$1:$Y$100, MATCH(1, (results_spb!$A$1:$A$100 = table_all!$B19) * (results_spb!$C$1:$C$100 = table_all!Q$1), 0), MATCH(table_all!Q$2, results_spb!$1:$1, 0)))} -> 0.216 | S19: {=IF(INDEX(results_spb!$A$1:$Y$100, MATCH(1, (results_spb!$A$1:$A$100 = table_all!$B19) * (results_spb!$C$1:$C$100 = table_all!S$1), 0), MATCH(table_all!S$2, results_spb!$1:$1, 0)) = 0, "...", INDEX(results_spb!$A$1:$Y$100, MATCH(1, (results_spb!$A$1:$A$100 = table_all!$B19) * (results_spb!$C$1:$C$100 = table_all!S$1), 0), MATCH(table_all!S$2, results_spb!$1:$1, 0)))} -> 0.321 | T19: {=IF(INDEX(results_spb!$A$1:$Y$100, MATCH(1, (results_spb!$A$1:$A$100 = table_all!$B19) * (results_spb!$C$1:$C$100 = table_all!T$1), 0), MATCH(table_all!T$2, results_spb!$1:$1, 0)) = 0, "...", INDEX(results_spb!$A$1:$Y$100, MATCH(1, (results_spb!$A$1:$A$100 = table_all!$B19) * (results_spb!$C$1:$C$100 = table_all!T$1), 0), MATCH(table_all!T$2, results_spb!$1:$1, 0)))} -> 0.351 | V19: {=IF(INDEX(results_spb!$A$1:$Y$100, MATCH(1, (results_spb!$A$1:$A$100 = table_all!$B19) * (results_spb!$C$1:$C$100 = table_all!V$1), 0), MATCH(table_all!V$2, results_spb!$1:$1, 0)) = 0, "...", INDEX(results_spb!$A$1:$Y$100, MATCH(1, (results_spb!$A$1:$A$100 = table_all!$B19) * (results_spb!$C$1:$C$100 = table_all!V$1), 0), MATCH(table_all!V$2, results_spb!$1:$1, 0)))} -> 0.372 | W19: {=IF(INDEX(results_spb!$A$1:$Y$100, MATCH(1, (results_spb!$A$1:$A$100 = table_all!$B19) * (results_spb!$C$1:$C$100 = table_all!W$1), 0), MATCH(table_all!W$2, results_spb!$1:$1, 0)) = 0, "...", INDEX(results_spb!$A$1:$Y$100, MATCH(1, (results_spb!$A$1:$A$100 = table_all!$B19) * (results_spb!$C$1:$C$100 = table_all!W$1), 0), MATCH(table_all!W$2, results_spb!$1:$1, 0)))} -> 0.43 | Y19: {=IF(INDEX(results_spb!$A$1:$Y$100, MATCH(1, (results_spb!$A$1:$A$100 = table_all!$B19) * (results_spb!$C$1:$C$100 = table_all!Y$1), 0), MATCH(table_all!Y$2, results_spb!$1:$1, 0)) = 0, "...", INDEX(results_spb!$A$1:$Y$100, MATCH(1, (results_spb!$A$1:$A$100 = table_all!$B19) * (results_spb!$C$1:$C$100 = table_all!Y$1), 0), MATCH(table_all!Y$2, results_spb!$1:$1, 0)))} -> ... | Z19: {=IF(INDEX(results_spb!$A$1:$Y$100, MATCH(1, (results_spb!$A$1:$A$100 = table_all!$B19) * (results_spb!$C$1:$C$100 = table_all!Z$1), 0), MATCH(table_all!Z$2, results_spb!$1:$1, 0)) = 0, "...", INDEX(results_spb!$A$1:$Y$100, MATCH(1, (results_spb!$A$1:$A$100 = table_all!$B19) * (results_spb!$C$1:$C$100 = table_all!Z$1), 0), MATCH(table_all!Z$2, results_spb!$1:$1, 0)))} -> ... | AB19: {=IF(INDEX(results_spb!$A$1:$Y$100, MATCH(1, (results_spb!$A$1:$A$100 = table_all!$B19) * (results_spb!$C$1:$C$100 = table_all!AB$1), 0), MATCH(table_all!AB$2, results_spb!$1:$1, 0)) = 0, "...", INDEX(results_spb!$A$1:$Y$100, MATCH(1, (results_spb!$A$1:$A$100 = table_all!$B19) * (results_spb!$C$1:$C$100 = table_all!AB$1), 0), MATCH(table_all!AB$2, results_spb!$1:$1, 0)))} -> ... | AC19: {=IF(INDEX(results_spb!$A$1:$Y$100, MATCH(1, (results_spb!$A$1:$A$100 = table_all!$B19) * (results_spb!$C$1:$C$100 = table_all!AC$1), 0), MATCH(table_all!AC$2, results_spb!$1:$1, 0)) = 0, "...", INDEX(results_spb!$A$1:$Y$100, MATCH(1, (results_spb!$A$1:$A$100 = table_all!$B19) * (results_spb!$C$1:$C$100 = table_all!AC$1), 0), MATCH(table_all!AC$2, results_spb!$1:$1, 0)))} -> ... | AE19: =MAX(G19,J19,M19,P19,S19,V19,Y19,AB19) -> 0.515 | AF19: =MAX(H19,K19,N19,Q19,T19,W19,Z19,AC19) -> 0.51 | AH19: =(AE19-$E19)/4 -> 0.439925 | AI19: =(AF19-$E19)/7 -> 0.25067143
A20: DEU | B20: =INDEX(Table1[#All], MATCH($A20, ameco_2024_data!$A:$A, 0), MATCH(B$2, ameco_2024_data!$1:$1, 0)) -> Germany | C20: =INDEX(Table1[#All], MATCH($A20, ameco_2024_data!$A:$A, 0), MATCH(C$2, ameco_2024_data!$1:$1, 0)) -> 62.9344 | D20: =INDEX(Table1[#All], MATCH($A20, ameco_2024_data!$A:$A, 0), MATCH(D$2, ameco_2024_data!$1:$1, 0)) -> -1.5621991 | E20: =INDEX(Table1[#All], MATCH($A20, ameco_2024_data!$A:$A, 0), MATCH(E$2, ameco_2024_data!$1:$1, 0)) -> -0.0219 | G20: {=IF(INDEX(results_spb!$A$1:$Y$100, MATCH(1, (results_spb!$A$1:$A$100 = table_all!$B20) * (results_spb!$C$1:$C$100 = table_all!G$1), 0), MATCH(table_all!G$2, results_spb!$1:$1, 0)) = 0, "...", INDEX(results_spb!$A$1:$Y$100, MATCH(1, (results_spb!$A$1:$A$100 = table_all!$B20) * (results_spb!$C$1:$C$100 = table_all!G$1), 0), MATCH(table_all!G$2, results_spb!$1:$1, 0)))} -> 0.034 | H20: {=IF(INDEX(results_spb!$A$1:$Y$100, MATCH(1, (results_spb!$A$1:$A$100 = table_all!$B20) * (results_spb!$C$1:$C$100 = table_all!H$1), 0), MATCH(table_all!H$2, results_spb!$1:$1, 0)) = 0, "...", INDEX(results_spb!$A$1:$Y$100, MATCH(1, (results_spb!$A$1:$A$100 = table_all!$B20) * (results_spb!$C$1:$C$100 = table_all!H$1), 0), MATCH(table_all!H$2, results_spb!$1:$1, 0)))} -> -0.194 | J20: {=IF(INDEX(results_spb!$A$1:$Y$100, MATCH(1, (results_spb!$A$1:$A$100 = table_all!$B20) * (results_spb!$C$1:$C$100 = table_all!J$1), 0), MATCH(table_all!J$2, results_spb!$1:$1, 0)) = 0, "...", INDEX(results_spb!$A$1:$Y$100, MATCH(1, (results_spb!$A$1:$A$100 = table_all!$B20) * (results_spb!$C$1:$C$100 = table_all!J$1), 0), MATCH(table_all!J$2, results_spb!$1:$1, 0)))} -> 0.417 | K20: {=IF(INDEX(results_spb!$A$1:$Y$100, MATCH(1, (results_spb!$A$1:$A$100 = table_all!$B20) * (results_spb!$C$1:$C$100 = table_all!K$1), 0), MATCH(table_all!K$2, results_spb!$1:$1, 0)) = 0, "...", INDEX(results_spb!$A$1:$Y$100, MATCH(1, (results_spb!$A$1:$A$100 = table_all!$B20) * (results_spb!$C$1:$C$100 = table_all!K$1), 0), MATCH(table_all!K$2, results_spb!$1:$1, 0)))} -> 0.149 | M20: {=IF(INDEX(results_spb!$A$1:$Y$100, MATCH(1, (results_spb!$A$1:$A$100 = table_all!$B20) * (results_spb!$C$1:$C$100 = table_all!M$1), 0), MATCH(table_all!M$2, results_spb!$1:$1, 0)) = 0, "...", INDEX(results_spb!$A$1:$Y$100, MATCH(1, (results_spb!$A$1:$A$100 = table_all!$B20) * (results_spb!$C$1:$C$100 = table_all!M$1), 0), MATCH(table_all!M$2, results_spb!$1:$1, 0)))} -> 0.409 | N20: {=IF(INDEX(results_spb!$A$1:$Y$100, MATCH(1, (results_spb!$A$1:$A$100 = table_all!$B20) * (results_spb!$C$1:$C$100 = table_all!N$1), 0), MATCH(table_all!N$2, results_spb!$1:$1, 0)) = 0, "...", INDEX(results_spb!$A$1:$Y$100, MATCH(1, (results_spb!$A$1:$A$100 = table_all!$B20) * (results_spb!$C$1:$C$100 = table_all!N$1), 0), MATCH(table_all!N$2, results_spb!$1:$1, 0)))} -> 0.122 | P20: {=IF(INDEX(results_spb!$A$1:$Y$100, MATCH(1, (results_spb!$A$1:$A$100 = table_all!$B20) * (results_spb!$C$1:$C$100 = table_all!P$1), 0), MATCH(table_all!P$2, results_spb!$1:$1, 0)) = 0, "...", INDEX(results_spb!$A$1:$Y$100, MATCH(1, (results_spb!$A$1:$A$100 = table_all!$B20) * (results_spb!$C$1:$C$100 = table_all!P$1), 0), MATCH(table_all!P$2, results_spb!$1:$1, 0)))} -> 0.072 | Q20: {=IF(INDEX(results_spb!$A$1:$Y$100, MATCH(1, (results_spb!$A$1:$A$100 = table_all!$B20) * (results_spb!$C$1:$C$100 = table_all!Q$1), 0), MATCH(table_all!Q$2, results_spb!$1:$1, 0)) = 0, "...", INDEX(results_spb!$A$1:$Y$100, MATCH(1, (results_spb!$A$1:$A$100 = table_all!$B20) * (results_spb!$C$1:$C$100 = table_all!Q$1), 0), MATCH(table_all!Q$2, results_spb!$1:$1, 0)))} -> -0.159 | S20: {=IF(INDEX(results_spb!$A$1:$Y$100, MATCH(1, (results_spb!$A$1:$A$100 = table_all!$B20) * (results_spb!$C$1:$C$100 = table_all!S$1), 0), MATCH(table_all!S$2, results_spb!$1:$1, 0)) = 0, "...", INDEX(results_spb!$A$1:$Y$100, MATCH(1, (results_spb!$A$1:$A$100 = table_all!$B20) * (results_spb!$C$1:$C$100 = table_all!S$1), 0), MATCH(table_all!S$2, results_spb!$1:$1, 0)))} -> 0.334 | T20: {=IF(INDEX(results_spb!$A$1:$Y$100, MATCH(1, (results_spb!$A$1:$A$100 = table_all!$B20) * (results_spb!$C$1:$C$100 = table_all!T$1), 0), MATCH(table_all!T$2, results_spb!$1:$1, 0)) = 0, "...", INDEX(results_spb!$A$1:$Y$100, MATCH(1, (results_spb!$A$1:$A$100 = table_all!$B20) * (results_spb!$C$1:$C$100 = table_all!T$1), 0), MATCH(table_all!T$2, results_spb!$1:$1, 0)))} -> 0.101 | V20: {=IF(INDEX(results_spb!$A$1:$Y$100, MATCH(1, (results_spb!$A$1:$A$100 = table_all!$B20) * (results_spb!$C$1:$C$100 = table_all!V$1), 0), MATCH(table_all!V$2, results_spb!$1:$1, 0)) = 0, "...", INDEX(results_spb!$A$1:$Y$100, MATCH(1, (results_spb!$A$1:$A$100 = table_all!$B20) * (results_spb!$C$1:$C$100 = table_all!V$1), 0), MATCH(table_all!V$2, results_spb!$1:$1, 0)))} -> -0.488 | W20: {=IF(INDEX(results_spb!$A$1:$Y$100, MATCH(1, (results_spb!$A$1:$A$100 = table_all!$B20) * (results_spb!$C$1:$C$100 = table_all!W$1), 0), MATCH(table_all!W$2, results_spb!$1:$1, 0)) = 0, "...", INDEX(results_spb!$A$1:$Y$100, MATCH(1, (results_spb!$A$1:$A$100 = table_all!$B20) * (results_spb!$C$1:$C$100 = table_all!W$1), 0), MATCH(table_all!W$2, results_spb!$1:$1, 0)))} -> -0.7 | Y20: {=IF(INDEX(results_spb!$A$1:$Y$100, MATCH(1, (results_spb!$A$1:$A$100 = table_all!$B20) * (results_spb!$C$1:$C$100 = table_all!Y$1), 0), MATCH(table_all!Y$2, results_spb!$1:$1, 0)) = 0, "...", INDEX(results_spb!$A$1:$Y$100, MATCH(1, (results_spb!$A$1:$A$100 = table_all!$B20) * (results_spb!$C$1:$C$100 = table_all!Y$1), 0), MATCH(table_all!Y$2, results_spb!$1:$1, 0)))} -> ... | Z20: {=IF(INDEX(results_spb!$A$1:$Y$100, MATCH(1, (results_spb!$A$1:$A$100 = table_all!$B20) * (results_spb!$C$1:$C$100 = table_all!Z$1), 0), MATCH(table_all!Z$2, results_spb!$1:$1, 0)) = 0, "...", INDEX(results_spb!$A$1:$Y$100, MATCH(1, (results_spb!$A$1:$A$100 = table_all!$B20) * (results_spb!$C$1:$C$100 = table_all!Z$1), 0), MATCH(table_all!Z$2, results_spb!$1:$1, 0)))} -> ... | AB20: {=IF(INDEX(results_spb!$A$1:$Y$100, MATCH(1, (results_spb!$A$1:$A$100 = table_all!$B20) * (results_spb!$C$1:$C$100 = table_all!AB$1), 0), MATCH(table_all!AB$2, results_spb!$1:$1, 0)) = 0, "...", INDEX(results_spb!$A$1:$Y$100, MATCH(1, (results_spb!$A$1:$A$100 = table_all!$B20) * (results_spb!$C$1:$C$100 = table_all!AB$1), 0), MATCH(table_all!AB$2, results_spb!$1:$1, 0)))} -> ... | AC20: {=IF(INDEX(results_spb!$A$1:$Y$100, MATCH(1, (results_spb!$A$1:$A$100 = table_all!$B20) * (results_spb!$C$1:$C$100 = table_all!AC$1), 0), MATCH(table_all!AC$2, results_spb!$1:$1, 0)) = 0, "...", INDEX(results_spb!$A$1:$Y$100, MATCH(1, (results_spb!$A$1:$A$100 = table_all!$B20) * (results_spb!$C$1:$C$100 = table_all!AC$1), 0), MATCH(table_all!AC$2, results_spb!$1:$1, 0)))} -> ... | AE20: =MAX(G20,J20,M20,P20,S20,V20,Y20,AB20) -> 0.417 | AF20: =MAX(H20,K20,N20,Q20,T20,W20,Z20,AC20) -> 0.149 | AH20: =(AE20-$E20)/4 -> 0.109725 | AI20: =(AF20-$E20)/7 -> 0.024414286
A21: HRV | B21: =INDEX(Table1[#All], MATCH($A21, ameco_2024_data!$A:$A, 0), MATCH(B$2, ameco_2024_data!$1:$1, 0)) -> Croatia | C21: =INDEX(Table1[#All], MATCH($A21, ameco_2024_data!$A:$A, 0), MATCH(C$2, ameco_2024_data!$1:$1, 0)) -> 59.5252 | D21: =INDEX(Table1[#All], MATCH($A21, ameco_2024_data!$A:$A, 0), MATCH(D$2, ameco_2024_data!$1:$1, 0)) -> -2.6152508 | E21: =INDEX(Table1[#All], MATCH($A21, ameco_2024_data!$A:$A, 0), MATCH(E$2, ameco_2024_data!$1:$1, 0)) -> -1.9611 | G21: {=IF(INDEX(results_spb!$A$1:$Y$100, MATCH(1, (results_spb!$A$1:$A$100 = table_all!$B21) * (results_spb!$C$1:$C$100 = table_all!G$1), 0), MATCH(table_all!G$2, results_spb!$1:$1, 0)) = 0, "...", INDEX(results_spb!$A$1:$Y$100, MATCH(1, (results_spb!$A$1:$A$100 = table_all!$B21) * (results_spb!$C$1:$C$100 = table_all!G$1), 0), MATCH(table_all!G$2, results_spb!$1:$1, 0)))} -> -0.476 | H21: {=IF(INDEX(results_spb!$A$1:$Y$100, MATCH(1, (results_spb!$A$1:$A$100 = table_all!$B21) * (results_spb!$C$1:$C$100 = table_all!H$1), 0), MATCH(table_all!H$2, results_spb!$1:$1, 0)) = 0, "...", INDEX(results_spb!$A$1:$Y$100, MATCH(1, (results_spb!$A$1:$A$100 = table_all!$B21) * (results_spb!$C$1:$C$100 = table_all!H$1), 0), MATCH(table_all!H$2, results_spb!$1:$1, 0)))} -> -0.313 | J21: {=IF(INDEX(results_spb!$A$1:$Y$100, MATCH(1, (results_spb!$A$1:$A$100 = table_all!$B21) * (results_spb!$C$1:$C$100 = table_all!J$1), 0), MATCH(table_all!J$2, results_spb!$1:$1, 0)) = 0, "...", INDEX(results_spb!$A$1:$Y$100, MATCH(1, (results_spb!$A$1:$A$100 = table_all!$B21) * (results_spb!$C$1:$C$100 = table_all!J$1), 0), MATCH(table_all!J$2, results_spb!$1:$1, 0)))} -> -0.108 | K21: {=IF(INDEX(results_spb!$A$1:$Y$100, MATCH(1, (results_spb!$A$1:$A$100 = table_all!$B21) * (results_spb!$C$1:$C$100 = table_all!K$1), 0), MATCH(table_all!K$2, results_spb!$1:$1, 0)) = 0, "...", INDEX(results_spb!$A$1:$Y$100, MATCH(1, (results_spb!$A$1:$A$100 = table_all!$B21) * (results_spb!$C$1:$C$100 = table_all!K$1), 0), MATCH(table_all!K$2, results_spb!$1:$1, 0)))} -> 0.021 | M21: {=IF(INDEX(results_spb!$A$1:$Y$100, MATCH(1, (results_spb!$A$1:$A$100 = table_all!$B21) * (results_spb!$C$1:$C$100 = table_all!M$1), 0), MATCH(table_all!M$2, results_spb!$1:$1, 0)) = 0, "...", INDEX(results_spb!$A$1:$Y$100, MATCH(1, (results_spb!$A$1:$A$100 = table_all!$B21) * (results_spb!$C$1:$C$100 = table_all!M$1), 0), MATCH(table_all!M$2, results_spb!$1:$1, 0)))} -> -0.101 | N21: {=IF(INDEX(results_spb!$A$1:$Y$100, MATCH(1, (results_spb!$A$1:$A$100 = table_all!$B21) * (results_spb!$C$1:$C$100 = table_all!N$1), 0), MATCH(table_all!N$2, results_spb!$1:$1, 0)) = 0, "...", INDEX(results_spb!$A$1:$Y$100, MATCH(1, (results_spb!$A$1:$A$100 = table_all!$B21) * (results_spb!$C$1:$C$100 = table_all!N$1), 0), MATCH(table_all!N$2, results_spb!$1:$1, 0)))} -> 0.001 | P21: {=IF(INDEX(results_spb!$A$1:$Y$100, MATCH(1, (results_spb!$A$1:$A$100 = table_all!$B21) * (results_spb!$C$1:$C$100 = table_all!P$1), 0), MATCH(table_all!P$2, results_spb!$1:$1, 0)) = 0, "...", INDEX(results_spb!$A$1:$Y$100, MATCH(1, (results_spb!$A$1:$A$100 = table_all!$B21) * (results_spb!$C$1:$C$100 = table_all!P$1), 0), MATCH(table_all!P$2, results_spb!$1:$1, 0)))} -> -0.438 | Q21: {=IF(INDEX(results_spb!$A$1:$Y$100, MATCH(1, (results_spb!$A$1:$A$100 = table_all!$B21) * (results_spb!$C$1:$C$100 = table_all!Q$1), 0), MATCH(table_all!Q$2, results_spb!$1:$1, 0)) = 0, "...", INDEX(results_spb!$A$1:$Y$100, MATCH(1, (results_spb!$A$1:$A$100 = table_all!$B21) * (results_spb!$C$1:$C$100 = table_all!Q$1), 0), MATCH(table_all!Q$2, results_spb!$1:$1, 0)))} -> -0.278 | S21: {=IF(INDEX(results_spb!$A$1:$Y$100, MATCH(1, (results_spb!$A$1:$A$100 = table_all!$B21) * (results_spb!$C$1:$C$100 = table_all!S$1), 0), MATCH(table_all!S$2, results_spb!$1:$1, 0)) = 0, "...", INDEX(results_spb!$A$1:$Y$100, MATCH(1, (results_spb!$A$1:$A$100 = table_all!$B21) * (results_spb!$C$1:$C$100 = table_all!S$1), 0), MATCH(table_all!S$2, results_spb!$1:$1, 0)))} -> 0.346 | T21: {=IF(INDEX(results_spb!$A$1:$Y$100, MATCH(1, (results_spb!$A$1:$A$100 = table_all!$B21) * (results_spb!$C$1:$C$100 = table_all!T$1), 0), MATCH(table_all!T$2, results_spb!$1:$1, 0)) = 0, "...", INDEX(results_spb!$A$1:$Y$100, MATCH(1, (results_spb!$A$1:$A$100 = table_all!$B21) * (results_spb!$C$1:$C$100 = table_all!T$1), 0), MATCH(table_all!T$2, results_spb!$1:$1, 0)))} -> 0.548 | V21: {=IF(INDEX(results_spb!$A$1:$Y$100, MATCH(1, (results_spb!$A$1:$A$100 = table_all!$B21) * (results_spb!$C$1:$C$100 = table_all!V$1), 0), MATCH(table_all!V$2, results_spb!$1:$1, 0)) = 0, "...", INDEX(results_spb!$A$1:$Y$100, MATCH(1, (results_spb!$A$1:$A$100 = table_all!$B21) * (results_spb!$C$1:$C$100 = table_all!V$1), 0), MATCH(table_all!V$2, results_spb!$1:$1, 0)))} -> -1.019 | W21: {=IF(INDEX(results_spb!$A$1:$Y$100, MATCH(1, (results_spb!$A$1:$A$100 = table_all!$B21) * (results_spb!$C$1:$C$100 = table_all!W$1), 0), MATCH(table_all!W$2, results_spb!$1:$1, 0)) = 0, "...", INDEX(results_spb!$A$1:$Y$100, MATCH(1, (results_spb!$A$1:$A$100 = table_all!$B21) * (results_spb!$C$1:$C$100 = table_all!W$1), 0), MATCH(table_all!W$2, results_spb!$1:$1, 0)))} -> -0.932 | Y21: {=IF(INDEX(results_spb!$A$1:$Y$100, MATCH(1, (results_spb!$A$1:$A$100 = table_all!$B21) * (results_spb!$C$1:$C$100 = table_all!Y$1), 0), MATCH(table_all!Y$2, results_spb!$1:$1, 0)) = 0, "...", INDEX(results_spb!$A$1:$Y$100, MATCH(1, (results_spb!$A$1:$A$100 = table_all!$B21) * (results_spb!$C$1:$C$100 = table_all!Y$1), 0), MATCH(table_all!Y$2, results_spb!$1:$1, 0)))} -> ... | Z21: {=IF(INDEX(results_spb!$A$1:$Y$100, MATCH(1, (results_spb!$A$1:$A$100 = table_all!$B21) * (results_spb!$C$1:$C$100 = table_all!Z$1), 0), MATCH(table_all!Z$2, results_spb!$1:$1, 0)) = 0, "...", INDEX(results_spb!$A$1:$Y$100, MATCH(1, (results_spb!$A$1:$A$100 = table_all!$B21) * (results_spb!$C$1:$C$100 = table_all!Z$1), 0), MATCH(table_all!Z$2, results_spb!$1:$1, 0)))} -> ... | AB21: {=IF(INDEX(results_spb!$A$1:$Y$100, MATCH(1, (results_spb!$A$1:$A$100 = table_all!$B21) * (results_spb!$C$1:$C$100 = table_all!AB$1), 0), MATCH(table_all!AB$2, results_spb!$1:$1, 0)) = 0, "...", INDEX(results_spb!$A$1:$Y$100, MATCH(1, (results_spb!$A$1:$A$100 = table_all!$B21) * (results_spb!$C$1:$C$100 = table_all!AB$1), 0), MATCH(table_all!AB$2, results_spb!$1:$1, 0)))} -> ... | AC21: {=IF(INDEX(results_spb!$A$1:$Y$100, MATCH(1, (results_spb!$A$1:$A$100 = table_all!$B21) * (results_spb!$C$1:$C$100 = table_all!AC$1), 0), MATCH(table_all!AC$2, results_spb!$1:$1, 0)) = 0, "...", INDEX(results_spb!$A$1:$Y$100, MATCH(1, (results_spb!$A$1:$A$100 = table_all!$B21) * (results_spb!$C$1:$C$100 = table_all!AC$1), 0), MATCH(table_all!AC$2, results_spb!$1:$1, 0)))} -> ... | AE21: =MAX(G21,J21,M21,P21,S21,V21,Y21,AB21) -> 0.346 | AF21: =MAX(H21,K21,N21,Q21,T21,W21,Z21,AC21) -> 0.548 | AH21: =(AE21-$E21)/4 -> 0.576775 | AI21: =(AF21-$E21)/7 -> 0.35844286
A22: SVK | B22: =INDEX(Table1[#All], MATCH($A22, ameco_2024_data!$A:$A, 0), MATCH(B$2, ameco_2024_data!$1:$1, 0)) -> Slovakia | C22: =INDEX(Table1[#All], MATCH($A22, ameco_2024_data!$A:$A, 0), MATCH(C$2, ameco_2024_data!$1:$1, 0)) -> 58.4789 | D22: =INDEX(Table1[#All], MATCH($A22, ameco_2024_data!$A:$A, 0), MATCH(D$2, ameco_2024_data!$1:$1, 0)) -> -5.8555194 | E22: =INDEX(Table1[#All], MATCH($A22, ameco_2024_data!$A:$A, 0), MATCH(E$2, ameco_2024_data!$1:$1, 0)) -> -4.2629 | G22: {=IF(INDEX(results_spb!$A$1:$Y$100, MATCH(1, (results_spb!$A$1:$A$100 = table_all!$B22) * (results_spb!$C$1:$C$100 = table_all!G$1), 0), MATCH(table_all!G$2, results_spb!$1:$1, 0)) = 0, "...", INDEX(results_spb!$A$1:$Y$100, MATCH(1, (results_spb!$A$1:$A$100 = table_all!$B22) * (results_spb!$C$1:$C$100 = table_all!G$1), 0), MATCH(table_all!G$2, results_spb!$1:$1, 0)))} -> 0.458 | H22: {=IF(INDEX(results_spb!$A$1:$Y$100, MATCH(1, (results_spb!$A$1:$A$100 = table_all!$B22) * (results_spb!$C$1:$C$100 = table_all!H$1), 0), MATCH(table_all!H$2, results_spb!$1:$1, 0)) = 0, "...", INDEX(results_spb!$A$1:$Y$100, MATCH(1, (results_spb!$A$1:$A$100 = table_all!$B22) * (results_spb!$C$1:$C$100 = table_all!H$1), 0), MATCH(table_all!H$2, results_spb!$1:$1, 0)))} -> 0.83 | J22: {=IF(INDEX(results_spb!$A$1:$Y$100, MATCH(1, (results_spb!$A$1:$A$100 = table_all!$B22) * (results_spb!$C$1:$C$100 = table_all!J$1), 0), MATCH(table_all!J$2, results_spb!$1:$1, 0)) = 0, "...", INDEX(results_spb!$A$1:$Y$100, MATCH(1, (results_spb!$A$1:$A$100 = table_all!$B22) * (results_spb!$C$1:$C$100 = table_all!J$1), 0), MATCH(table_all!J$2, results_spb!$1:$1, 0)))} -> 0.778 | K22: {=IF(INDEX(results_spb!$A$1:$Y$100, MATCH(1, (results_spb!$A$1:$A$100 = table_all!$B22) * (results_spb!$C$1:$C$100 = table_all!K$1), 0), MATCH(table_all!K$2, results_spb!$1:$1, 0)) = 0, "...", INDEX(results_spb!$A$1:$Y$100, MATCH(1, (results_spb!$A$1:$A$100 = table_all!$B22) * (results_spb!$C$1:$C$100 = table_all!K$1), 0), MATCH(table_all!K$2, results_spb!$1:$1, 0)))} -> 1.116 | M22: {=IF(INDEX(results_spb!$A$1:$Y$100, MATCH(1, (results_spb!$A$1:$A$100 = table_all!$B22) * (results_spb!$C$1:$C$100 = table_all!M$1), 0), MATCH(table_all!M$2, results_spb!$1:$1, 0)) = 0, "...", INDEX(results_spb!$A$1:$Y$100, MATCH(1, (results_spb!$A$1:$A$100 = table_all!$B22) * (results_spb!$C$1:$C$100 = table_all!M$1), 0), MATCH(table_all!M$2, results_spb!$1:$1, 0)))} -> 0.834 | N22: {=IF(INDEX(results_spb!$A$1:$Y$100, MATCH(1, (results_spb!$A$1:$A$100 = table_all!$B22) * (results_spb!$C$1:$C$100 = table_all!N$1), 0), MATCH(table_all!N$2, results_spb!$1:$1, 0)) = 0, "...", INDEX(results_spb!$A$1:$Y$100, MATCH(1, (results_spb!$A$1:$A$100 = table_all!$B22) * (results_spb!$C$1:$C$100 = table_all!N$1), 0), MATCH(table_all!N$2, results_spb!$1:$1, 0)))} -> 1.144 | P22: {=IF(INDEX(results_spb!$A$1:$Y$100, MATCH(1, (results_spb!$A$1:$A$100 = table_all!$B22) * (results_spb!$C$1:$C$100 = table_all!P$1), 0), MATCH(table_all!P$2, results_spb!$1:$1, 0)) = 0, "...", INDEX(results_spb!$A$1:$Y$100, MATCH(1, (results_spb!$A$1:$A$100 = table_all!$B22) * (results_spb!$C$1:$C$100 = table_all!P$1), 0), MATCH(table_all!P$2, results_spb!$1:$1, 0)))} -> 0.488 | Q22: {=IF(INDEX(results_spb!$A$1:$Y$100, MATCH(1, (results_spb!$A$1:$A$100 = table_all!$B22) * (results_spb!$C$1:$C$100 = table_all!Q$1), 0), MATCH(table_all!Q$2, results_spb!$1:$1, 0)) = 0, "...", INDEX(results_spb!$A$1:$Y$100, MATCH(1, (results_spb!$A$1:$A$100 = table_all!$B22) * (results_spb!$C$1:$C$100 = table_all!Q$1), 0), MATCH(table_all!Q$2, results_spb!$1:$1, 0)))} -> 0.855 | S22: {=IF(INDEX(results_spb!$A$1:$Y$100, MATCH(1, (results_spb!$A$1:$A$100 = table_all!$B22) * (results_spb!$C$1:$C$100 = table_all!S$1), 0), MATCH(table_all!S$2, results_spb!$1:$1, 0)) = 0, "...", INDEX(results_spb!$A$1:$Y$100, MATCH(1, (results_spb!$A$1:$A$100 = table_all!$B22) * (results_spb!$C$1:$C$100 = table_all!S$1), 0), MATCH(table_all!S$2, results_spb!$1:$1, 0)))} -> 0.703 | T22: {=IF(INDEX(results_spb!$A$1:$Y$100, MATCH(1, (results_spb!$A$1:$A$100 = table_all!$B22) * (results_spb!$C$1:$C$100 = table_all!T$1), 0), MATCH(table_all!T$2, results_spb!$1:$1, 0)) = 0, "...", INDEX(results_spb!$A$1:$Y$100, MATCH(1, (results_spb!$A$1:$A$100 = table_all!$B22) * (results_spb!$C$1:$C$100 = table_all!T$1), 0), MATCH(table_all!T$2, results_spb!$1:$1, 0)))} -> 0.906 | V22: {=IF(INDEX(results_spb!$A$1:$Y$100, MATCH(1, (results_spb!$A$1:$A$100 = table_all!$B22) * (results_spb!$C$1:$C$100 = table_all!V$1), 0), MATCH(table_all!V$2, results_spb!$1:$1, 0)) = 0, "...", INDEX(results_spb!$A$1:$Y$100, MATCH(1, (results_spb!$A$1:$A$100 = table_all!$B22) * (results_spb!$C$1:$C$100 = table_all!V$1), 0), MATCH(table_all!V$2, results_spb!$1:$1, 0)))} -> 0.427 | W22: {=IF(INDEX(results_spb!$A$1:$Y$100, MATCH(1, (results_spb!$A$1:$A$100 = table_all!$B22) * (results_spb!$C$1:$C$100 = table_all!W$1), 0), MATCH(table_all!W$2, results_spb!$1:$1, 0)) = 0, "...", INDEX(results_spb!$A$1:$Y$100, MATCH(1, (results_spb!$A$1:$A$100 = table_all!$B22) * (results_spb!$C$1:$C$100 = table_all!W$1), 0), MATCH(table_all!W$2, results_spb!$1:$1, 0)))} -> 0.565 | Y22: {=IF(INDEX(results_spb!$A$1:$Y$100, MATCH(1, (results_spb!$A$1:$A$100 = table_all!$B22) * (results_spb!$C$1:$C$100 = table_all!Y$1), 0), MATCH(table_all!Y$2, results_spb!$1:$1, 0)) = 0, "...", INDEX(results_spb!$A$1:$Y$100, MATCH(1, (results_spb!$A$1:$A$100 = table_all!$B22) * (results_spb!$C$1:$C$100 = table_all!Y$1), 0), MATCH(table_all!Y$2, results_spb!$1:$1, 0)))} -> ... | Z22: {=IF(INDEX(results_spb!$A$1:$Y$100, MATCH(1, (results_spb!$A$1:$A$100 = table_all!$B22) * (results_spb!$C$1:$C$100 = table_all!Z$1), 0), MATCH(table_all!Z$2, results_spb!$1:$1, 0)) = 0, "...", INDEX(results_spb!$A$1:$Y$100, MATCH(1, (results_spb!$A$1:$A$100 = table_all!$B22) * (results_spb!$C$1:$C$100 = table_all!Z$1), 0), MATCH(table_all!Z$2, results_spb!$1:$1, 0)))} -> ... | AB22: {=IF(INDEX(results_spb!$A$1:$Y$100, MATCH(1, (results_spb!$A$1:$A$100 = table_all!$B22) * (results_spb!$C$1:$C$100 = table_all!AB$1), 0), MATCH(table_all!AB$2, results_spb!$1:$1, 0)) = 0, "...", INDEX(results_spb!$A$1:$Y$100, MATCH(1, (results_spb!$A$1:$A$100 = table_all!$B22) * (results_spb!$C$1:$C$100 = table_all!AB$1), 0), MATCH(table_all!AB$2, results_spb!$1:$1, 0)))} -> ... | AC22: {=IF(INDEX(results_spb!$A$1:$Y$100, MATCH(1, (results_spb!$A$1:$A$100 = table_all!$B22) * (results_spb!$C$1:$C$100 = table_all!AC$1), 0), MATCH(table_all!AC$2, results_spb!$1:$1, 0)) = 0, "...", INDEX(results_spb!$A$1:$Y$100, MATCH(1, (results_spb!$A$1:$A$100 = table_all!$B22) * (results_spb!$C$1:$C$100 = table_all!AC$1), 0), MATCH(table_all!AC$2, results_spb!$1:$1, 0)))} -> ... | AE22: =MAX(G22,J22,M22,P22,S22,V22,Y22,AB22) -> 0.834 | AF22: =MAX(H22,K22,N22,Q22,T22,W22,Z22,AC22) -> 1.144 | AH22: =(AE22-$E22)/4 -> 1.274225 | AI22: =(AF22-$E22)/7 -> 0.77241429
A23: POL | B23: =INDEX(Table1[#All], MATCH($A23, ameco_2024_data!$A:$A, 0), MATCH(B$2, ameco_2024_data!$1:$1, 0)) -> Poland | C23: =INDEX(Table1[#All], MATCH($A23, ameco_2024_data!$A:$A, 0), MATCH(C$2, ameco_2024_data!$1:$1, 0)) -> 53.6594 | D23: =INDEX(Table1[#All], MATCH($A23, ameco_2024_data!$A:$A, 0), MATCH(D$2, ameco_2024_data!$1:$1, 0)) -> -5.3969597 | E23: =INDEX(Table1[#All], MATCH($A23, ameco_2024_data!$A:$A, 0), MATCH(E$2, ameco_2024_data!$1:$1, 0)) -> -2.6137 | G23: {=IF(INDEX(results_spb!$A$1:$Y$100, MATCH(1, (results_spb!$A$1:$A$100 = table_all!$B23) * (results_spb!$C$1:$C$100 = table_all!G$1), 0), MATCH(table_all!G$2, results_spb!$1:$1, 0)) = 0, "...", INDEX(results_spb!$A$1:$Y$100, MATCH(1, (results_spb!$A$1:$A$100 = table_all!$B23) * (results_spb!$C$1:$C$100 = table_all!G$1), 0), MATCH(table_all!G$2, results_spb!$1:$1, 0)))} -> -0.039 | H23: {=IF(INDEX(results_spb!$A$1:$Y$100, MATCH(1, (results_spb!$A$1:$A$100 = table_all!$B23) * (results_spb!$C$1:$C$100 = table_all!H$1), 0), MATCH(table_all!H$2, results_spb!$1:$1, 0)) = 0, "...", INDEX(results_spb!$A$1:$Y$100, MATCH(1, (results_spb!$A$1:$A$100 = table_all!$B23) * (results_spb!$C$1:$C$100 = table_all!H$1), 0), MATCH(table_all!H$2, results_spb!$1:$1, 0)))} -> 0.351 | J23: {=IF(INDEX(results_spb!$A$1:$Y$100, MATCH(1, (results_spb!$A$1:$A$100 = table_all!$B23) * (results_spb!$C$1:$C$100 = table_all!J$1), 0), MATCH(table_all!J$2, results_spb!$1:$1, 0)) = 0, "...", INDEX(results_spb!$A$1:$Y$100, MATCH(1, (results_spb!$A$1:$A$100 = table_all!$B23) * (results_spb!$C$1:$C$100 = table_all!J$1), 0), MATCH(table_all!J$2, results_spb!$1:$1, 0)))} -> 0.326 | K23: {=IF(INDEX(results_spb!$A$1:$Y$100, MATCH(1, (results_spb!$A$1:$A$100 = table_all!$B23) * (results_spb!$C$1:$C$100 = table_all!K$1), 0), MATCH(table_all!K$2, results_spb!$1:$1, 0)) = 0, "...", INDEX(results_spb!$A$1:$Y$100, MATCH(1, (results_spb!$A$1:$A$100 = table_all!$B23) * (results_spb!$C$1:$C$100 = table_all!K$1), 0), MATCH(table_all!K$2, results_spb!$1:$1, 0)))} -> 0.675 | M23: {=IF(INDEX(results_spb!$A$1:$Y$100, MATCH(1, (results_spb!$A$1:$A$100 = table_all!$B23) * (results_spb!$C$1:$C$100 = table_all!M$1), 0), MATCH(table_all!M$2, results_spb!$1:$1, 0)) = 0, "...", INDEX(results_spb!$A$1:$Y$100, MATCH(1, (results_spb!$A$1:$A$100 = table_all!$B23) * (results_spb!$C$1:$C$100 = table_all!M$1), 0), MATCH(table_all!M$2, results_spb!$1:$1, 0)))} -> 0.332 | N23: {=IF(INDEX(results_spb!$A$1:$Y$100, MATCH(1, (results_spb!$A$1:$A$100 = table_all!$B23) * (results_spb!$C$1:$C$100 = table_all!N$1), 0), MATCH(table_all!N$2, results_spb!$1:$1, 0)) = 0, "...", INDEX(results_spb!$A$1:$Y$100, MATCH(1, (results_spb!$A$1:$A$100 = table_all!$B23) * (results_spb!$C$1:$C$100 = table_all!N$1), 0), MATCH(table_all!N$2, results_spb!$1:$1, 0)))} -> 0.658 | P23: {=IF(INDEX(results_spb!$A$1:$Y$100, MATCH(1, (results_spb!$A$1:$A$100 = table_all!$B23) * (results_spb!$C$1:$C$100 = table_all!P$1), 0), MATCH(table_all!P$2, results_spb!$1:$1, 0)) = 0, "...", INDEX(results_spb!$A$1:$Y$100, MATCH(1, (results_spb!$A$1:$A$100 = table_all!$B23) * (results_spb!$C$1:$C$100 = table_all!P$1), 0), MATCH(table_all!P$2, results_spb!$1:$1, 0)))} -> 0.002 | Q23: {=IF(INDEX(results_spb!$A$1:$Y$100, MATCH(1, (results_spb!$A$1:$A$100 = table_all!$B23) * (results_spb!$C$1:$C$100 = table_all!Q$1), 0), MATCH(table_all!Q$2, results_spb!$1:$1, 0)) = 0, "...", INDEX(results_spb!$A$1:$Y$100, MATCH(1, (results_spb!$A$1:$A$100 = table_all!$B23) * (results_spb!$C$1:$C$100 = table_all!Q$1), 0), MATCH(table_all!Q$2, results_spb!$1:$1, 0)))} -> 0.386 | S23: {=IF(INDEX(results_spb!$A$1:$Y$100, MATCH(1, (results_spb!$A$1:$A$100 = table_all!$B23) * (results_spb!$C$1:$C$100 = table_all!S$1), 0), MATCH(table_all!S$2, results_spb!$1:$1, 0)) = 0, "...", INDEX(results_spb!$A$1:$Y$100, MATCH(1, (results_spb!$A$1:$A$100 = table_all!$B23) * (results_spb!$C$1:$C$100 = table_all!S$1), 0), MATCH(table_all!S$2, results_spb!$1:$1, 0)))} -> 0.609 | T23: {=IF(INDEX(results_spb!$A$1:$Y$100, MATCH(1, (results_spb!$A$1:$A$100 = table_all!$B23) * (results_spb!$C$1:$C$100 = table_all!T$1), 0), MATCH(table_all!T$2, results_spb!$1:$1, 0)) = 0, "...", INDEX(results_spb!$A$1:$Y$100, MATCH(1, (results_spb!$A$1:$A$100 = table_all!$B23) * (results_spb!$C$1:$C$100 = table_all!T$1), 0), MATCH(table_all!T$2, results_spb!$1:$1, 0)))} -> 0.817 | V23: {=IF(INDEX(results_spb!$A$1:$Y$100, MATCH(1, (results_spb!$A$1:$A$100 = table_all!$B23) * (results_spb!$C$1:$C$100 = table_all!V$1), 0), MATCH(table_all!V$2, results_spb!$1:$1, 0)) = 0, "...", INDEX(results_spb!$A$1:$Y$100, MATCH(1, (results_spb!$A$1:$A$100 = table_all!$B23) * (results_spb!$C$1:$C$100 = table_all!V$1), 0), MATCH(table_all!V$2, results_spb!$1:$1, 0)))} -> 0.492 | W23: {=IF(INDEX(results_spb!$A$1:$Y$100, MATCH(1, (results_spb!$A$1:$A$100 = table_all!$B23) * (results_spb!$C$1:$C$100 = table_all!W$1), 0), MATCH(table_all!W$2, results_spb!$1:$1, 0)) = 0, "...", INDEX(results_spb!$A$1:$Y$100, MATCH(1, (results_spb!$A$1:$A$100 = table_all!$B23) * (results_spb!$C$1:$C$100 = table_all!W$1), 0), MATCH(table_all!W$2, results_spb!$1:$1, 0)))} -> 0.533 | Y23: {=IF(INDEX(results_spb!$A$1:$Y$100, MATCH(1, (results_spb!$A$1:$A$100 = table_all!$B23) * (results_spb!$C$1:$C$100 = table_all!Y$1), 0), MATCH(table_all!Y$2, results_spb!$1:$1, 0)) = 0, "...", INDEX(results_spb!$A$1:$Y$100, MATCH(1, (results_spb!$A$1:$A$100 = table_all!$B23) * (results_spb!$C$1:$C$100 = table_all!Y$1), 0), MATCH(table_all!Y$2, results_spb!$1:$1, 0)))} -> ... | Z23: {=IF(INDEX(results_spb!$A$1:$Y$100, MATCH(1, (results_spb!$A$1:$A$100 = table_all!$B23) * (results_spb!$C$1:$C$100 = table_all!Z$1), 0), MATCH(table_all!Z$2, results_spb!$1:$1, 0)) = 0, "...", INDEX(results_spb!$A$1:$Y$100, MATCH(1, (results_spb!$A$1:$A$100 = table_all!$B23) * (results_spb!$C$1:$C$100 = table_all!Z$1), 0), MATCH(table_all!Z$2, results_spb!$1:$1, 0)))} -> ... | AB23: {=IF(INDEX(results_spb!$A$1:$Y$100, MATCH(1, (results_spb!$A$1:$A$100 = table_all!$B23) * (results_spb!$C$1:$C$100 = table_all!AB$1), 0), MATCH(table_all!AB$2, results_spb!$1:$1, 0)) = 0, "...", INDEX(results_spb!$A$1:$Y$100, MATCH(1, (results_spb!$A$1:$A$100 = table_all!$B23) * (results_spb!$C$1:$C$100 = table_all!AB$1), 0), MATCH(table_all!AB$2, results_spb!$1:$1, 0)))} -> ... | AC23: {=IF(INDEX(results_spb!$A$1:$Y$100, MATCH(1, (results_spb!$A$1:$A$100 = table_all!$B23) * (results_spb!$C$1:$C$100 = table_all!AC$1), 0), MATCH(table_all!AC$2, results_spb!$1:$1, 0)) = 0, "...", INDEX(results_spb!$A$1:$Y$100, MATCH(1, (results_spb!$A$1:$A$100 = table_all!$B23) * (results_spb!$C$1:$C$100 = table_all!AC$1), 0), MATCH(table_all!AC$2, results_spb!$1:$1, 0)))} -> 0.895 | AE23: =MAX(G23,J23,M23,P23,S23,V23,Y23,AB23) -> 0.609 | AF23: =MAX(H23,K23,N23,Q23,T23,W23,Z23,AC23) -> 0.895 | AH23: =(AE23-$E23)/4 -> 0.805675 | AI23: =(AF23-$E23)/7 -> 0.50124286
A24: MLT | B24: =INDEX(Table1[#All], MATCH($A24, ameco_2024_data!$A:$A, 0), MATCH(B$2, ameco_2024_data!$1:$1, 0)) -> Malta | C24: =INDEX(Table1[#All], MATCH($A24, ameco_2024_data!$A:$A, 0), MATCH(C$2, ameco_2024_data!$1:$1, 0)) -> 52.0272 | D24: =INDEX(Table1[#All], MATCH($A24, ameco_2024_data!$A:$A, 0), MATCH(D$2, ameco_2024_data!$1:$1, 0)) -> -4.3425625 | E24: =INDEX(Table1[#All], MATCH($A24, ameco_2024_data!$A:$A, 0), MATCH(E$2, ameco_2024_data!$1:$1, 0)) -> -2.8972 | G24: {=IF(INDEX(results_spb!$A$1:$Y$100, MATCH(1, (results_spb!$A$1:$A$100 = table_all!$B24) * (results_spb!$C$1:$C$100 = table_all!G$1), 0), MATCH(table_all!G$2, results_spb!$1:$1, 0)) = 0, "...", INDEX(results_spb!$A$1:$Y$100, MATCH(1, (results_spb!$A$1:$A$100 = table_all!$B24) * (results_spb!$C$1:$C$100 = table_all!G$1), 0), MATCH(table_all!G$2, results_spb!$1:$1, 0)))} -> -2.267 | H24: {=IF(INDEX(results_spb!$A$1:$Y$100, MATCH(1, (results_spb!$A$1:$A$100 = table_all!$B24) * (results_spb!$C$1:$C$100 = table_all!H$1), 0), MATCH(table_all!H$2, results_spb!$1:$1, 0)) = 0, "...", INDEX(results_spb!$A$1:$Y$100, MATCH(1, (results_spb!$A$1:$A$100 = table_all!$B24) * (results_spb!$C$1:$C$100 = table_all!H$1), 0), MATCH(table_all!H$2, results_spb!$1:$1, 0)))} -> -1.668 | J24: {=IF(INDEX(results_spb!$A$1:$Y$100, MATCH(1, (results_spb!$A$1:$A$100 = table_all!$B24) * (results_spb!$C$1:$C$100 = table_all!J$1), 0), MATCH(table_all!J$2, results_spb!$1:$1, 0)) = 0, "...", INDEX(results_spb!$A$1:$Y$100, MATCH(1, (results_spb!$A$1:$A$100 = table_all!$B24) * (results_spb!$C$1:$C$100 = table_all!J$1), 0), MATCH(table_all!J$2, results_spb!$1:$1, 0)))} -> -1.955 | K24: {=IF(INDEX(results_spb!$A$1:$Y$100, MATCH(1, (results_spb!$A$1:$A$100 = table_all!$B24) * (results_spb!$C$1:$C$100 = table_all!K$1), 0), MATCH(table_all!K$2, results_spb!$1:$1, 0)) = 0, "...", INDEX(results_spb!$A$1:$Y$100, MATCH(1, (results_spb!$A$1:$A$100 = table_all!$B24) * (results_spb!$C$1:$C$100 = table_all!K$1), 0), MATCH(table_all!K$2, results_spb!$1:$1, 0)))} -> -1.391 | M24: {=IF(INDEX(results_spb!$A$1:$Y$100, MATCH(1, (results_spb!$A$1:$A$100 = table_all!$B24) * (results_spb!$C$1:$C$100 = table_all!M$1), 0), MATCH(table_all!M$2, results_spb!$1:$1, 0)) = 0, "...", INDEX(results_spb!$A$1:$Y$100, MATCH(1, (results_spb!$A$1:$A$100 = table_all!$B24) * (results_spb!$C$1:$C$100 = table_all!M$1), 0), MATCH(table_all!M$2, results_spb!$1:$1, 0)))} -> -1.88 | N24: {=IF(INDEX(results_spb!$A$1:$Y$100, MATCH(1, (results_spb!$A$1:$A$100 = table_all!$B24) * (results_spb!$C$1:$C$100 = table_all!N$1), 0), MATCH(table_all!N$2, results_spb!$1:$1, 0)) = 0, "...", INDEX(results_spb!$A$1:$Y$100, MATCH(1, (results_spb!$A$1:$A$100 = table_all!$B24) * (results_spb!$C$1:$C$100 = table_all!N$1), 0), MATCH(table_all!N$2, results_spb!$1:$1, 0)))} -> -1.341 | P24: {=IF(INDEX(results_spb!$A$1:$Y$100, MATCH(1, (results_spb!$A$1:$A$100 = table_all!$B24) * (results_spb!$C$1:$C$100 = table_all!P$1), 0), MATCH(table_all!P$2, results_spb!$1:$1, 0)) = 0, "...", INDEX(results_spb!$A$1:$Y$100, MATCH(1, (results_spb!$A$1:$A$100 = table_all!$B24) * (results_spb!$C$1:$C$100 = table_all!P$1), 0), MATCH(table_all!P$2, results_spb!$1:$1, 0)))} -> -2.238 | Q24: {=IF(INDEX(results_spb!$A$1:$Y$100, MATCH(1, (results_spb!$A$1:$A$100 = table_all!$B24) * (results_spb!$C$1:$C$100 = table_all!Q$1), 0), MATCH(table_all!Q$2, results_spb!$1:$1, 0)) = 0, "...", INDEX(results_spb!$A$1:$Y$100, MATCH(1, (results_spb!$A$1:$A$100 = table_all!$B24) * (results_spb!$C$1:$C$100 = table_all!Q$1), 0), MATCH(table_all!Q$2, results_spb!$1:$1, 0)))} -> -1.643 | S24: {=IF(INDEX(results_spb!$A$1:$Y$100, MATCH(1, (results_spb!$A$1:$A$100 = table_all!$B24) * (results_spb!$C$1:$C$100 = table_all!S$1), 0), MATCH(table_all!S$2, results_spb!$1:$1, 0)) = 0, "...", INDEX(results_spb!$A$1:$Y$100, MATCH(1, (results_spb!$A$1:$A$100 = table_all!$B24) * (results_spb!$C$1:$C$100 = table_all!S$1), 0), MATCH(table_all!S$2, results_spb!$1:$1, 0)))} -> -1.908 | T24: {=IF(INDEX(results_spb!$A$1:$Y$100, MATCH(1, (results_spb!$A$1:$A$100 = table_all!$B24) * (results_spb!$C$1:$C$100 = table_all!T$1), 0), MATCH(table_all!T$2, results_spb!$1:$1, 0)) = 0, "...", INDEX(results_spb!$A$1:$Y$100, MATCH(1, (results_spb!$A$1:$A$100 = table_all!$B24) * (results_spb!$C$1:$C$100 = table_all!T$1), 0), MATCH(table_all!T$2, results_spb!$1:$1, 0)))} -> -1.367 | V24: {=IF(INDEX(results_spb!$A$1:$Y$100, MATCH(1, (results_spb!$A$1:$A$100 = table_all!$B24) * (results_spb!$C$1:$C$100 = table_all!V$1), 0), MATCH(table_all!V$2, results_spb!$1:$1, 0)) = 0, "...", INDEX(results_spb!$A$1:$Y$100, MATCH(1, (results_spb!$A$1:$A$100 = table_all!$B24) * (results_spb!$C$1:$C$100 = table_all!V$1), 0), MATCH(table_all!V$2, results_spb!$1:$1, 0)))} -> -1.253 | W24: {=IF(INDEX(results_spb!$A$1:$Y$100, MATCH(1, (results_spb!$A$1:$A$100 = table_all!$B24) * (results_spb!$C$1:$C$100 = table_all!W$1), 0), MATCH(table_all!W$2, results_spb!$1:$1, 0)) = 0, "...", INDEX(results_spb!$A$1:$Y$100, MATCH(1, (results_spb!$A$1:$A$100 = table_all!$B24) * (results_spb!$C$1:$C$100 = table_all!W$1), 0), MATCH(table_all!W$2, results_spb!$1:$1, 0)))} -> -1 | Y24: {=IF(INDEX(results_spb!$A$1:$Y$100, MATCH(1, (results_spb!$A$1:$A$100 = table_all!$B24) * (results_spb!$C$1:$C$100 = table_all!Y$1), 0), MATCH(table_all!Y$2, results_spb!$1:$1, 0)) = 0, "...", INDEX(results_spb!$A$1:$Y$100, MATCH(1, (results_spb!$A$1:$A$100 = table_all!$B24) * (results_spb!$C$1:$C$100 = table_all!Y$1), 0), MATCH(table_all!Y$2, results_spb!$1:$1, 0)))} -> ... | Z24: {=IF(INDEX(results_spb!$A$1:$Y$100, MATCH(1, (results_spb!$A$1:$A$100 = table_all!$B24) * (results_spb!$C$1:$C$100 = table_all!Z$1), 0), MATCH(table_all!Z$2, results_spb!$1:$1, 0)) = 0, "...", INDEX(results_spb!$A$1:$Y$100, MATCH(1, (results_spb!$A$1:$A$100 = table_all!$B24) * (results_spb!$C$1:$C$100 = table_all!Z$1), 0), MATCH(table_all!Z$2, results_spb!$1:$1, 0)))} -> ... | AB24: {=IF(INDEX(results_spb!$A$1:$Y$100, MATCH(1, (results_spb!$A$1:$A$100 = table_all!$B24) * (results_spb!$C$1:$C$100 = table_all!AB$1), 0), MATCH(table_all!AB$2, results_spb!$1:$1, 0)) = 0, "...", INDEX(results_spb!$A$1:$Y$100, MATCH(1, (results_spb!$A$1:$A$100 = table_all!$B24) * (results_spb!$C$1:$C$100 = table_all!AB$1), 0), MATCH(table_all!AB$2, results_spb!$1:$1, 0)))} -> -0.996 | AC24: {=IF(INDEX(results_spb!$A$1:$Y$100, MATCH(1, (results_spb!$A$1:$A$100 = table_all!$B24) * (results_spb!$C$1:$C$100 = table_all!AC$1), 0), MATCH(table_all!AC$2, results_spb!$1:$1, 0)) = 0, "...", INDEX(results_spb!$A$1:$Y$100, MATCH(1, (results_spb!$A$1:$A$100 = table_all!$B24) * (results_spb!$C$1:$C$100 = table_all!AC$1), 0), MATCH(table_all!AC$2, results_spb!$1:$1, 0)))} -> ... | AE24: =MAX(G24,J24,M24,P24,S24,V24,Y24,AB24) -> -0.996 | AF24: =MAX(H24,K24,N24,Q24,T24,W24,Z24,AC24) -> -1 | AH24: =(AE24-$E24)/4 -> 0.4753 | AI24: =(AF24-$E24)/7 -> 0.27102857
A25: ROU | B25: =INDEX(Table1[#All], MATCH($A25, ameco_2024_data!$A:$A, 0), MATCH(B$2, ameco_2024_data!$1:$1, 0)) -> Romania | C25: =INDEX(Table1[#All], MATCH($A25, ameco_2024_data!$A:$A, 0), MATCH(C$2, ameco_2024_data!$1:$1, 0)) -> 50.9101 | D25: =INDEX(Table1[#All], MATCH($A25, ameco_2024_data!$A:$A, 0), MATCH(D$2, ameco_2024_data!$1:$1, 0)) -> -6.8675121 | E25: =INDEX(Table1[#All], MATCH($A25, ameco_2024_data!$A:$A, 0), MATCH(E$2, ameco_2024_data!$1:$1, 0)) -> -4.4069 | G25: {=IF(INDEX(results_spb!$A$1:$Y$100, MATCH(1, (results_spb!$A$1:$A$100 = table_all!$B25) * (results_spb!$C$1:$C$100 = table_all!G$1), 0), MATCH(table_all!G$2, results_spb!$1:$1, 0)) = 0, "...", INDEX(results_spb!$A$1:$Y$100, MATCH(1, (results_spb!$A$1:$A$100 = table_all!$B25) * (results_spb!$C$1:$C$100 = table_all!G$1), 0), MATCH(table_all!G$2, results_spb!$1:$1, 0)))} -> -0.679 | H25: {=IF(INDEX(results_spb!$A$1:$Y$100, MATCH(1, (results_spb!$A$1:$A$100 = table_all!$B25) * (results_spb!$C$1:$C$100 = table_all!H$1), 0), MATCH(table_all!H$2, results_spb!$1:$1, 0)) = 0, "...", INDEX(results_spb!$A$1:$Y$100, MATCH(1, (results_spb!$A$1:$A$100 = table_all!$B25) * (results_spb!$C$1:$C$100 = table_all!H$1), 0), MATCH(table_all!H$2, results_spb!$1:$1, 0)))} -> 0.064 | J25: {=IF(INDEX(results_spb!$A$1:$Y$100, MATCH(1, (results_spb!$A$1:$A$100 = table_all!$B25) * (results_spb!$C$1:$C$100 = table_all!J$1), 0), MATCH(table_all!J$2, results_spb!$1:$1, 0)) = 0, "...", INDEX(results_spb!$A$1:$Y$100, MATCH(1, (results_spb!$A$1:$A$100 = table_all!$B25) * (results_spb!$C$1:$C$100 = table_all!J$1), 0), MATCH(table_all!J$2, results_spb!$1:$1, 0)))} -> -0.334 | K25: {=IF(INDEX(results_spb!$A$1:$Y$100, MATCH(1, (results_spb!$A$1:$A$100 = table_all!$B25) * (results_spb!$C$1:$C$100 = table_all!K$1), 0), MATCH(table_all!K$2, results_spb!$1:$1, 0)) = 0, "...", INDEX(results_spb!$A$1:$Y$100, MATCH(1, (results_spb!$A$1:$A$100 = table_all!$B25) * (results_spb!$C$1:$C$100 = table_all!K$1), 0), MATCH(table_all!K$2, results_spb!$1:$1, 0)))} -> 0.378 | M25: {=IF(INDEX(results_spb!$A$1:$Y$100, MATCH(1, (results_spb!$A$1:$A$100 = table_all!$B25) * (results_spb!$C$1:$C$100 = table_all!M$1), 0), MATCH(table_all!M$2, results_spb!$1:$1, 0)) = 0, "...", INDEX(results_spb!$A$1:$Y$100, MATCH(1, (results_spb!$A$1:$A$100 = table_all!$B25) * (results_spb!$C$1:$C$100 = table_all!M$1), 0), MATCH(table_all!M$2, results_spb!$1:$1, 0)))} -> -0.302 | N25: {=IF(INDEX(results_spb!$A$1:$Y$100, MATCH(1, (results_spb!$A$1:$A$100 = table_all!$B25) * (results_spb!$C$1:$C$100 = table_all!N$1), 0), MATCH(table_all!N$2, results_spb!$1:$1, 0)) = 0, "...", INDEX(results_spb!$A$1:$Y$100, MATCH(1, (results_spb!$A$1:$A$100 = table_all!$B25) * (results_spb!$C$1:$C$100 = table_all!N$1), 0), MATCH(table_all!N$2, results_spb!$1:$1, 0)))} -> 0.378 | P25: {=IF(INDEX(results_spb!$A$1:$Y$100, MATCH(1, (results_spb!$A$1:$A$100 = table_all!$B25) * (results_spb!$C$1:$C$100 = table_all!P$1), 0), MATCH(table_all!P$2, results_spb!$1:$1, 0)) = 0, "...", INDEX(results_spb!$A$1:$Y$100, MATCH(1, (results_spb!$A$1:$A$100 = table_all!$B25) * (results_spb!$C$1:$C$100 = table_all!P$1), 0), MATCH(table_all!P$2, results_spb!$1:$1, 0)))} -> -0.643 | Q25: {=IF(INDEX(results_spb!$A$1:$Y$100, MATCH(1, (results_spb!$A$1:$A$100 = table_all!$B25) * (results_spb!$C$1:$C$100 = table_all!Q$1), 0), MATCH(table_all!Q$2, results_spb!$1:$1, 0)) = 0, "...", INDEX(results_spb!$A$1:$Y$100, MATCH(1, (results_spb!$A$1:$A$100 = table_all!$B25) * (results_spb!$C$1:$C$100 = table_all!Q$1), 0), MATCH(table_all!Q$2, results_spb!$1:$1, 0)))} -> 0.097 | S25: {=IF(INDEX(results_spb!$A$1:$Y$100, MATCH(1, (results_spb!$A$1:$A$100 = table_all!$B25) * (results_spb!$C$1:$C$100 = table_all!S$1), 0), MATCH(table_all!S$2, results_spb!$1:$1, 0)) = 0, "...", INDEX(results_spb!$A$1:$Y$100, MATCH(1, (results_spb!$A$1:$A$100 = table_all!$B25) * (results_spb!$C$1:$C$100 = table_all!S$1), 0), MATCH(table_all!S$2, results_spb!$1:$1, 0)))} -> 0.059 | T25: {=IF(INDEX(results_spb!$A$1:$Y$100, MATCH(1, (results_spb!$A$1:$A$100 = table_all!$B25) * (results_spb!$C$1:$C$100 = table_all!T$1), 0), MATCH(table_all!T$2, results_spb!$1:$1, 0)) = 0, "...", INDEX(results_spb!$A$1:$Y$100, MATCH(1, (results_spb!$A$1:$A$100 = table_all!$B25) * (results_spb!$C$1:$C$100 = table_all!T$1), 0), MATCH(table_all!T$2, results_spb!$1:$1, 0)))} -> 0.839 | V25: {=IF(INDEX(results_spb!$A$1:$Y$100, MATCH(1, (results_spb!$A$1:$A$100 = table_all!$B25) * (results_spb!$C$1:$C$100 = table_all!V$1), 0), MATCH(table_all!V$2, results_spb!$1:$1, 0)) = 0, "...", INDEX(results_spb!$A$1:$Y$100, MATCH(1, (results_spb!$A$1:$A$100 = table_all!$B25) * (results_spb!$C$1:$C$100 = table_all!V$1), 0), MATCH(table_all!V$2, results_spb!$1:$1, 0)))} -> 0.129 | W25: {=IF(INDEX(results_spb!$A$1:$Y$100, MATCH(1, (results_spb!$A$1:$A$100 = table_all!$B25) * (results_spb!$C$1:$C$100 = table_all!W$1), 0), MATCH(table_all!W$2, results_spb!$1:$1, 0)) = 0, "...", INDEX(results_spb!$A$1:$Y$100, MATCH(1, (results_spb!$A$1:$A$100 = table_all!$B25) * (results_spb!$C$1:$C$100 = table_all!W$1), 0), MATCH(table_all!W$2, results_spb!$1:$1, 0)))} -> 0.36 | Y25: {=IF(INDEX(results_spb!$A$1:$Y$100, MATCH(1, (results_spb!$A$1:$A$100 = table_all!$B25) * (results_spb!$C$1:$C$100 = table_all!Y$1), 0), MATCH(table_all!Y$2, results_spb!$1:$1, 0)) = 0, "...", INDEX(results_spb!$A$1:$Y$100, MATCH(1, (results_spb!$A$1:$A$100 = table_all!$B25) * (results_spb!$C$1:$C$100 = table_all!Y$1), 0), MATCH(table_all!Y$2, results_spb!$1:$1, 0)))} -> ... | Z25: {=IF(INDEX(results_spb!$A$1:$Y$100, MATCH(1, (results_spb!$A$1:$A$100 = table_all!$B25) * (results_spb!$C$1:$C$100 = table_all!Z$1), 0), MATCH(table_all!Z$2, results_spb!$1:$1, 0)) = 0, "...", INDEX(results_spb!$A$1:$Y$100, MATCH(1, (results_spb!$A$1:$A$100 = table_all!$B25) * (results_spb!$C$1:$C$100 = table_all!Z$1), 0), MATCH(table_all!Z$2, results_spb!$1:$1, 0)))} -> ... | AB25: {=IF(INDEX(results_spb!$A$1:$Y$100, MATCH(1, (results_spb!$A$1:$A$100 = table_all!$B25) * (results_spb!$C$1:$C$100 = table_all!AB$1), 0), MATCH(table_all!AB$2, results_spb!$1:$1, 0)) = 0, "...", INDEX(results_spb!$A$1:$Y$100, MATCH(1, (results_spb!$A$1:$A$100 = table_all!$B25) * (results_spb!$C$1:$C$100 = table_all!AB$1), 0), MATCH(table_all!AB$2, results_spb!$1:$1, 0)))} -> ... | AC25: {=IF(INDEX(results_spb!$A$1:$Y$100, MATCH(1, (results_spb!$A$1:$A$100 = table_all!$B25) * (results_spb!$C$1:$C$100 = table_all!AC$1), 0), MATCH(table_all!AC$2, results_spb!$1:$1, 0)) = 0, "...", INDEX(results_spb!$A$1:$Y$100, MATCH(1, (results_spb!$A$1:$A$100 = table_all!$B25) * (results_spb!$C$1:$C$100 = table_all!AC$1), 0), MATCH(table_all!AC$2, results_spb!$1:$1, 0)))} -> ... | AE25: =MAX(G25,J25,M25,P25,S25,V25,Y25,AB25) -> 0.129 | AF25: =MAX(H25,K25,N25,Q25,T25,W25,Z25,AC25) -> 0.839 | AH25: =(AE25-$E25)/4 -> 1.133975 | AI25: =(AF25-$E25)/7 -> 0.74941429
A26: NLD | B26: =INDEX(Table1[#All], MATCH($A26, ameco_2024_data!$A:$A, 0), MATCH(B$2, ameco_2024_data!$1:$1, 0)) -> Netherlands | C26: =INDEX(Table1[#All], MATCH($A26, ameco_2024_data!$A:$A, 0), MATCH(C$2, ameco_2024_data!$1:$1, 0)) -> 47.0612 | D26: =INDEX(Table1[#All], MATCH($A26, ameco_2024_data!$A:$A, 0), MATCH(D$2, ameco_2024_data!$1:$1, 0)) -> -1.9866604 | E26: =INDEX(Table1[#All], MATCH($A26, ameco_2024_data!$A:$A, 0), MATCH(E$2, ameco_2024_data!$1:$1, 0)) -> -0.6417 | G26: {=IF(INDEX(results_spb!$A$1:$Y$100, MATCH(1, (results_spb!$A$1:$A$100 = table_all!$B26) * (results_spb!$C$1:$C$100 = table_all!G$1), 0), MATCH(table_all!G$2, results_spb!$1:$1, 0)) = 0, "...", INDEX(results_spb!$A$1:$Y$100, MATCH(1, (results_spb!$A$1:$A$100 = table_all!$B26) * (results_spb!$C$1:$C$100 = table_all!G$1), 0), MATCH(table_all!G$2, results_spb!$1:$1, 0)))} -> -0.931 | H26: {=IF(INDEX(results_spb!$A$1:$Y$100, MATCH(1, (results_spb!$A$1:$A$100 = table_all!$B26) * (results_spb!$C$1:$C$100 = table_all!H$1), 0), MATCH(table_all!H$2, results_spb!$1:$1, 0)) = 0, "...", INDEX(results_spb!$A$1:$Y$100, MATCH(1, (results_spb!$A$1:$A$100 = table_all!$B26) * (results_spb!$C$1:$C$100 = table_all!H$1), 0), MATCH(table_all!H$2, results_spb!$1:$1, 0)))} -> -0.937 | J26: {=IF(INDEX(results_spb!$A$1:$Y$100, MATCH(1, (results_spb!$A$1:$A$100 = table_all!$B26) * (results_spb!$C$1:$C$100 = table_all!J$1), 0), MATCH(table_all!J$2, results_spb!$1:$1, 0)) = 0, "...", INDEX(results_spb!$A$1:$Y$100, MATCH(1, (results_spb!$A$1:$A$100 = table_all!$B26) * (results_spb!$C$1:$C$100 = table_all!J$1), 0), MATCH(table_all!J$2, results_spb!$1:$1, 0)))} -> -0.636 | K26: {=IF(INDEX(results_spb!$A$1:$Y$100, MATCH(1, (results_spb!$A$1:$A$100 = table_all!$B26) * (results_spb!$C$1:$C$100 = table_all!K$1), 0), MATCH(table_all!K$2, results_spb!$1:$1, 0)) = 0, "...", INDEX(results_spb!$A$1:$Y$100, MATCH(1, (results_spb!$A$1:$A$100 = table_all!$B26) * (results_spb!$C$1:$C$100 = table_all!K$1), 0), MATCH(table_all!K$2, results_spb!$1:$1, 0)))} -> -0.67 | M26: {=IF(INDEX(results_spb!$A$1:$Y$100, MATCH(1, (results_spb!$A$1:$A$100 = table_all!$B26) * (results_spb!$C$1:$C$100 = table_all!M$1), 0), MATCH(table_all!M$2, results_spb!$1:$1, 0)) = 0, "...", INDEX(results_spb!$A$1:$Y$100, MATCH(1, (results_spb!$A$1:$A$100 = table_all!$B26) * (results_spb!$C$1:$C$100 = table_all!M$1), 0), MATCH(table_all!M$2, results_spb!$1:$1, 0)))} -> -0.557 | N26: {=IF(INDEX(results_spb!$A$1:$Y$100, MATCH(1, (results_spb!$A$1:$A$100 = table_all!$B26) * (results_spb!$C$1:$C$100 = table_all!N$1), 0), MATCH(table_all!N$2, results_spb!$1:$1, 0)) = 0, "...", INDEX(results_spb!$A$1:$Y$100, MATCH(1, (results_spb!$A$1:$A$100 = table_all!$B26) * (results_spb!$C$1:$C$100 = table_all!N$1), 0), MATCH(table_all!N$2, results_spb!$1:$1, 0)))} -> -0.623 | P26: {=IF(INDEX(results_spb!$A$1:$Y$100, MATCH(1, (results_spb!$A$1:$A$100 = table_all!$B26) * (results_spb!$C$1:$C$100 = table_all!P$1), 0), MATCH(table_all!P$2, results_spb!$1:$1, 0)) = 0, "...", INDEX(results_spb!$A$1:$Y$100, MATCH(1, (results_spb!$A$1:$A$100 = table_all!$B26) * (results_spb!$C$1:$C$100 = table_all!P$1), 0), MATCH(table_all!P$2, results_spb!$1:$1, 0)))} -> -0.908 | Q26: {=IF(INDEX(results_spb!$A$1:$Y$100, MATCH(1, (results_spb!$A$1:$A$100 = table_all!$B26) * (results_spb!$C$1:$C$100 = table_all!Q$1), 0), MATCH(table_all!Q$2, results_spb!$1:$1, 0)) = 0, "...", INDEX(results_spb!$A$1:$Y$100, MATCH(1, (results_spb!$A$1:$A$100 = table_all!$B26) * (results_spb!$C$1:$C$100 = table_all!Q$1), 0), MATCH(table_all!Q$2, results_spb!$1:$1, 0)))} -> -0.916 | S26: {=IF(INDEX(results_spb!$A$1:$Y$100, MATCH(1, (results_spb!$A$1:$A$100 = table_all!$B26) * (results_spb!$C$1:$C$100 = table_all!S$1), 0), MATCH(table_all!S$2, results_spb!$1:$1, 0)) = 0, "...", INDEX(results_spb!$A$1:$Y$100, MATCH(1, (results_spb!$A$1:$A$100 = table_all!$B26) * (results_spb!$C$1:$C$100 = table_all!S$1), 0), MATCH(table_all!S$2, results_spb!$1:$1, 0)))} -> -1.64 | T26: {=IF(INDEX(results_spb!$A$1:$Y$100, MATCH(1, (results_spb!$A$1:$A$100 = table_all!$B26) * (results_spb!$C$1:$C$100 = table_all!T$1), 0), MATCH(table_all!T$2, results_spb!$1:$1, 0)) = 0, "...", INDEX(results_spb!$A$1:$Y$100, MATCH(1, (results_spb!$A$1:$A$100 = table_all!$B26) * (results_spb!$C$1:$C$100 = table_all!T$1), 0), MATCH(table_all!T$2, results_spb!$1:$1, 0)))} -> -1.392 | V26: {=IF(INDEX(results_spb!$A$1:$Y$100, MATCH(1, (results_spb!$A$1:$A$100 = table_all!$B26) * (results_spb!$C$1:$C$100 = table_all!V$1), 0), MATCH(table_all!V$2, results_spb!$1:$1, 0)) = 0, "...", INDEX(results_spb!$A$1:$Y$100, MATCH(1, (results_spb!$A$1:$A$100 = table_all!$B26) * (results_spb!$C$1:$C$100 = table_all!V$1), 0), MATCH(table_all!V$2, results_spb!$1:$1, 0)))} -> -0.28 | W26: {=IF(INDEX(results_spb!$A$1:$Y$100, MATCH(1, (results_spb!$A$1:$A$100 = table_all!$B26) * (results_spb!$C$1:$C$100 = table_all!W$1), 0), MATCH(table_all!W$2, results_spb!$1:$1, 0)) = 0, "...", INDEX(results_spb!$A$1:$Y$100, MATCH(1, (results_spb!$A$1:$A$100 = table_all!$B26) * (results_spb!$C$1:$C$100 = table_all!W$1), 0), MATCH(table_all!W$2, results_spb!$1:$1, 0)))} -> -0.392 | Y26: {=IF(INDEX(results_spb!$A$1:$Y$100, MATCH(1, (results_spb!$A$1:$A$100 = table_all!$B26) * (results_spb!$C$1:$C$100 = table_all!Y$1), 0), MATCH(table_all!Y$2, results_spb!$1:$1, 0)) = 0, "...", INDEX(results_spb!$A$1:$Y$100, MATCH(1, (results_spb!$A$1:$A$100 = table_all!$B26) * (results_spb!$C$1:$C$100 = table_all!Y$1), 0), MATCH(table_all!Y$2, results_spb!$1:$1, 0)))} -> ... | Z26: {=IF(INDEX(results_spb!$A$1:$Y$100, MATCH(1, (results_spb!$A$1:$A$100 = table_all!$B26) * (results_spb!$C$1:$C$100 = table_all!Z$1), 0), MATCH(table_all!Z$2, results_spb!$1:$1, 0)) = 0, "...", INDEX(results_spb!$A$1:$Y$100, MATCH(1, (results_spb!$A$1:$A$100 = table_all!$B26) * (results_spb!$C$1:$C$100 = table_all!Z$1), 0), MATCH(table_all!Z$2, results_spb!$1:$1, 0)))} -> ... | AB26: {=IF(INDEX(results_spb!$A$1:$Y$100, MATCH(1, (results_spb!$A$1:$A$100 = table_all!$B26) * (results_spb!$C$1:$C$100 = table_all!AB$1), 0), MATCH(table_all!AB$2, results_spb!$1:$1, 0)) = 0, "...", INDEX(results_spb!$A$1:$Y$100, MATCH(1, (results_spb!$A$1:$A$100 = table_all!$B26) * (results_spb!$C$1:$C$100 = table_all!AB$1), 0), MATCH(table_all!AB$2, results_spb!$1:$1, 0)))} -> ... | AC26: {=IF(INDEX(results_spb!$A$1:$Y$100, MATCH(1, (results_spb!$A$1:$A$100 = table_all!$B26) * (results_spb!$C$1:$C$100 = table_all!AC$1), 0), MATCH(table_all!AC$2, results_spb!$1:$1, 0)) = 0, "...", INDEX(results_spb!$A$1:$Y$100, MATCH(1, (results_spb!$A$1:$A$100 = table_all!$B26) * (results_spb!$C$1:$C$100 = table_all!AC$1), 0), MATCH(table_all!AC$2, results_spb!$1:$1, 0)))} -> ... | AE26: =MAX(G26,J26,M26,P26,S26,V26,Y26,AB26) -> -0.28 | AF26: =MAX(H26,K26,N26,Q26,T26,W26,Z26,AC26) -> -0.392 | AH26: =(AE26-$E26)/4 -> 0.090425 | AI26: =(AF26-$E26)/7 -> 0.035671429
... A35: EST | B35: =INDEX(Table1[#All], MATCH($A35, ameco_2024_data!$A:$A, 0), MATCH(B$2, ameco_2024_data!$1:$1, 0)) -> Estonia | C35: =INDEX(Table1[#All], MATCH($A35, ameco_2024_data!$A:$A, 0), MATCH(C$2, ameco_2024_data!$1:$1, 0)) -> 21.3836 | D35: =INDEX(Table1[#All], MATCH($A35, ameco_2024_data!$A:$A, 0), MATCH(D$2, ameco_2024_data!$1:$1, 0)) -> -3.4372391 | E35: =INDEX(Table1[#All], MATCH($A35, ameco_2024_data!$A:$A, 0), MATCH(E$2, ameco_2024_data!$1:$1, 0)) -> -0.2884 | G35: {=IF(INDEX(results_spb!$A$1:$Y$100, MATCH(1, (results_spb!$A$1:$A$100 = table_all!$B35) * (results_spb!$C$1:$C$100 = table_all!G$1), 0), MATCH(table_all!G$2, results_spb!$1:$1, 0)) = 0, "...", INDEX(results_spb!$A$1:$Y$100, MATCH(1, (results_spb!$A$1:$A$100 = table_all!$B35) * (results_spb!$C$1:$C$100 = table_all!G$1), 0), MATCH(table_all!G$2, results_spb!$1:$1, 0)))} -> -3.425 | H35: {=IF(INDEX(results_spb!$A$1:$Y$100, MATCH(1, (results_spb!$A$1:$A$100 = table_all!$B35) * (results_spb!$C$1:$C$100 = table_all!H$1), 0), MATCH(table_all!H$2, results_spb!$1:$1, 0)) = 0, "...", INDEX(results_spb!$A$1:$Y$100, MATCH(1, (results_spb!$A$1:$A$100 = table_all!$B35) * (results_spb!$C$1:$C$100 = table_all!H$1), 0), MATCH(table_all!H$2, results_spb!$1:$1, 0)))} -> -3.092 | J35: {=IF(INDEX(results_spb!$A$1:$Y$100, MATCH(1, (results_spb!$A$1:$A$100 = table_all!$B35) * (results_spb!$C$1:$C$100 = table_all!J$1), 0), MATCH(table_all!J$2, results_spb!$1:$1, 0)) = 0, "...", INDEX(results_spb!$A$1:$Y$100, MATCH(1, (results_spb!$A$1:$A$100 = table_all!$B35) * (results_spb!$C$1:$C$100 = table_all!J$1), 0), MATCH(table_all!J$2, results_spb!$1:$1, 0)))} -> -3.188 | K35: {=IF(INDEX(results_spb!$A$1:$Y$100, MATCH(1, (results_spb!$A$1:$A$100 = table_all!$B35) * (results_spb!$C$1:$C$100 = table_all!K$1), 0), MATCH(table_all!K$2, results_spb!$1:$1, 0)) = 0, "...", INDEX(results_spb!$A$1:$Y$100, MATCH(1, (results_spb!$A$1:$A$100 = table_all!$B35) * (results_spb!$C$1:$C$100 = table_all!K$1), 0), MATCH(table_all!K$2, results_spb!$1:$1, 0)))} -> -2.877 | M35: {=IF(INDEX(results_spb!$A$1:$Y$100, MATCH(1, (results_spb!$A$1:$A$100 = table_all!$B35) * (results_spb!$C$1:$C$100 = table_all!M$1), 0), MATCH(table_all!M$2, results_spb!$1:$1, 0)) = 0, "...", INDEX(results_spb!$A$1:$Y$100, MATCH(1, (results_spb!$A$1:$A$100 = table_all!$B35) * (results_spb!$C$1:$C$100 = table_all!M$1), 0), MATCH(table_all!M$2, results_spb!$1:$1, 0)))} -> -3.052 | N35: {=IF(INDEX(results_spb!$A$1:$Y$100, MATCH(1, (results_spb!$A$1:$A$100 = table_all!$B35) * (results_spb!$C$1:$C$100 = table_all!N$1), 0), MATCH(table_all!N$2, results_spb!$1:$1, 0)) = 0, "...", INDEX(results_spb!$A$1:$Y$100, MATCH(1, (results_spb!$A$1:$A$100 = table_all!$B35) * (results_spb!$C$1:$C$100 = table_all!N$1), 0), MATCH(table_all!N$2, results_spb!$1:$1, 0)))} -> -2.778 | P35: {=IF(INDEX(results_spb!$A$1:$Y$100, MATCH(1, (results_spb!$A$1:$A$100 = table_all!$B35) * (results_spb!$C$1:$C$100 = table_all!P$1), 0), MATCH(table_all!P$2, results_spb!$1:$1, 0)) = 0, "...", INDEX(results_spb!$A$1:$Y$100, MATCH(1, (results_spb!$A$1:$A$100 = table_all!$B35) * (results_spb!$C$1:$C$100 = table_all!P$1), 0), MATCH(table_all!P$2, results_spb!$1:$1, 0)))} -> -3.407 | Q35: {=IF(INDEX(results_spb!$A$1:$Y$100, MATCH(1, (results_spb!$A$1:$A$100 = table_all!$B35) * (results_spb!$C$1:$C$100 = table_all!Q$1), 0), MATCH(table_all!Q$2, results_spb!$1:$1, 0)) = 0, "...", INDEX(results_spb!$A$1:$Y$100, MATCH(1, (results_spb!$A$1:$A$100 = table_all!$B35) * (results_spb!$C$1:$C$100 = table_all!Q$1), 0), MATCH(table_all!Q$2, results_spb!$1:$1, 0)))} -> -3.076 | S35: {=IF(INDEX(results_spb!$A$1:$Y$100, MATCH(1, (results_spb!$A$1:$A$100 = table_all!$B35) * (results_spb!$C$1:$C$100 = table_all!S$1), 0), MATCH(table_all!S$2, results_spb!$1:$1, 0)) = 0, "...", INDEX(results_spb!$A$1:$Y$100, MATCH(1, (results_spb!$A$1:$A$100 = table_all!$B35) * (results_spb!$C$1:$C$100 = table_all!S$1), 0), MATCH(table_all!S$2, results_spb!$1:$1, 0)))} -> -4.479 | T35: {=IF(INDEX(results_spb!$A$1:$Y$100, MATCH(1, (results_spb!$A$1:$A$100 = table_all!$B35) * (results_spb!$C$1:$C$100 = table_all!T$1), 0), MATCH(table_all!T$2, results_spb!$1:$1, 0)) = 0, "...", INDEX(results_spb!$A$1:$Y$100, MATCH(1, (results_spb!$A$1:$A$100 = table_all!$B35) * (results_spb!$C$1:$C$100 = table_all!T$1), 0), MATCH(table_all!T$2, results_spb!$1:$1, 0)))} -> -3.772 | V35: {=IF(INDEX(results_spb!$A$1:$Y$100, MATCH(1, (results_spb!$A$1:$A$100 = table_all!$B35) * (results_spb!$C$1:$C$100 = table_all!V$1), 0), MATCH(table_all!V$2, results_spb!$1:$1, 0)) = 0, "...", INDEX(results_spb!$A$1:$Y$100, MATCH(1, (results_spb!$A$1:$A$100 = table_all!$B35) * (results_spb!$C$1:$C$100 = table_all!V$1), 0), MATCH(table_all!V$2, results_spb!$1:$1, 0)))} -> -2.064 | W35: {=IF(INDEX(results_spb!$A$1:$Y$100, MATCH(1, (results_spb!$A$1:$A$100 = table_all!$B35) * (results_spb!$C$1:$C$100 = table_all!W$1), 0), MATCH(table_all!W$2, results_spb!$1:$1, 0)) = 0, "...", INDEX(results_spb!$A$1:$Y$100, MATCH(1, (results_spb!$A$1:$A$100 = table_all!$B35) * (results_spb!$C$1:$C$100 = table_all!W$1), 0), MATCH(table_all!W$2, results_spb!$1:$1, 0)))} -> -1.931 | Y35: {=IF(INDEX(results_spb!$A$1:$Y$100, MATCH(1, (results_spb!$A$1:$A$100 = table_all!$B35) * (results_spb!$C$1:$C$100 = table_all!Y$1), 0), MATCH(table_all!Y$2, results_spb!$1:$1, 0)) = 0, "...", INDEX(results_spb!$A$1:$Y$100, MATCH(1, (results_spb!$A$1:$A$100 = table_all!$B35) * (results_spb!$C$1:$C$100 = table_all!Y$1), 0), MATCH(table_all!Y$2, results_spb!$1:$1, 0)))} -> ... | Z35: {=IF(INDEX(results_spb!$A$1:$Y$100, MATCH(1, (results_spb!$A$1:$A$100 = table_all!$B35) * (results_spb!$C$1:$C$100 = table_all!Z$1), 0), MATCH(table_all!Z$2, results_spb!$1:$1, 0)) = 0, "...", INDEX(results_spb!$A$1:$Y$100, MATCH(1, (results_spb!$A$1:$A$100 = table_all!$B35) * (results_spb!$C$1:$C$100 = table_all!Z$1), 0), MATCH(table_all!Z$2, results_spb!$1:$1, 0)))} -> ... | AB35: {=IF(INDEX(results_spb!$A$1:$Y$100, MATCH(1, (results_spb!$A$1:$A$100 = table_all!$B35) * (results_spb!$C$1:$C$100 = table_all!AB$1), 0), MATCH(table_all!AB$2, results_spb!$1:$1, 0)) = 0, "...", INDEX(results_spb!$A$1:$Y$100, MATCH(1, (results_spb!$A$1:$A$100 = table_all!$B35) * (results_spb!$C$1:$C$100 = table_all!AB$1), 0), MATCH(table_all!AB$2, results_spb!$1:$1, 0)))} -> -2.064 | AC35: {=IF(INDEX(results_spb!$A$1:$Y$100, MATCH(1, (results_spb!$A$1:$A$100 = table_all!$B35) * (results_spb!$C$1:$C$100 = table_all!AC$1), 0), MATCH(table_all!AC$2, results_spb!$1:$1, 0)) = 0, "...", INDEX(results_spb!$A$1:$Y$100, MATCH(1, (results_spb!$A$1:$A$100 = table_all!$B35) * (results_spb!$C$1:$C$100 = table_all!AC$1), 0), MATCH(table_all!AC$2, results_spb!$1:$1, 0)))} -> ... | AE35: =MAX(G35,J35,M35,P35,S35,V35,Y35,AB35) -> -2.064 | AF35: =MAX(H35,K35,N35,Q35,T35,W35,Z35,AC35) -> -1.931 | AH35: =(AE35-$E35)/4 -> -0.4439 | AI35: =(AF35-$E35)/7 -> -0.23465714
B36: Source: Bruegel based on European Commission May 2024 forecasts, the April 2024 Ageing report, Bloomberg and ECB. Note: Methodology based on European Commission DSM (2024) and adjusted with the new requirements of the approved fiscal framework.

Sheet table_summary
A1: adj ref | G1: 4 | H1: 7 | J1: 4 | K1: 7 | M1: 4 | N1: 7 | P1: 4 | Q1: 7 | S1: 4 | T1: 7
A2: col ref | B2: country | C2: d | D2: fb | E2: spb | G2: binding_dsa | H2: binding_dsa | J2: deficit_reduction | K2: deficit_reduction | M2: debt_safeguard | N2: debt_safeguard | P2: deficit_resilience | Q2: deficit_resilience | S2: binding | T2: binding
B3: Fiscal adjustment requirements under the new EU fiscal framework (structural primary balance measured in percent of GDP)
C5: European Commission forecasts for 2024 | G5: Min. SPB required by DSA criteria | J5: Min. SPB required by 3% deficit cap | M5: Min. SPB required by EDP and the debt safeguard | P5: Min. SPB required by EDP, debt safeguard and the deficit resilience safeguard | S5: Minimum SPB satisfying all criteria | V5: Average annual fiscal adjustment need
C7: Debt | D7: Fiscal balance | E7: SPB | G7: 4-year adj. | H7: 7-year adj. | J7: 4-year adj. | K7: 7-year adj. | M7: 4-year adj. | N7: 7-year adj. | P7: 4-year adj. | Q7: 7-year adj. | S7: 4-year adj. | T7: 7-year adj. | V7: 4-year adj. | W7: 7-year adj.
C8: (1) | D8: (2) | E8: (3) | G8: (4) | H8: (5) | J8: (14) | K8: (15) | M8: (16) | N8: (17) | P8: (18) | Q8: (19) | S8: (19)=max(4,6,8,10,12,14,16,18) | T8: (20)=max(5,7,9,11,13,15,17,19) | V8: (21)={(19)-(3)}/4 | W8: (22)={(20)-(3)}/7 | Y8: Legend
A9: GRC | B9: =INDEX(Table1[#All], MATCH($A9, ameco_2024_data!$A:$A, 0), MATCH(B$2, ameco_2024_data!$1:$1, 0)) -> Greece | C9: =INDEX(Table1[#All], MATCH($A9, ameco_2024_data!$A:$A, 0), MATCH(C$2, ameco_2024_data!$1:$1, 0)) -> 153.8524 | D9: =INDEX(Table1[#All], MATCH($A9, ameco_2024_data!$A:$A, 0), MATCH(D$2, ameco_2024_data!$1:$1, 0)) -> -1.1512785 | E9: =INDEX(Table1[#All], MATCH($A9, ameco_2024_data!$A:$A, 0), MATCH(E$2, ameco_2024_data!$1:$1, 0)) -> 1.7294 | G9: {=IF(INDEX(results_spb!$A$1:$Y$100, MATCH(1, (results_spb!$A$1:$A$100 = table_summary!$B9) * (results_spb!$C$1:$C$100 = table_summary!G$1), 0), MATCH(table_summary!G$2, results_spb!$1:$1, 0)) = 0, "...", INDEX(results_spb!$A$1:$Y$100, MATCH(1, (results_spb!$A$1:$A$100 = table_summary!$B9) * (results_spb!$C$1:$C$100 = table_summary!G$1), 0), MATCH(table_summary!G$2, results_spb!$1:$1, 0)))} -> 1.869 | H9: {=IF(INDEX(results_spb!$A$1:$Y$100, MATCH(1, (results_spb!$A$1:$A$100 = table_summary!$B9) * (results_spb!$C$1:$C$100 = table_summary!H$1), 0), MATCH(table_summary!H$2, results_spb!$1:$1, 0)) = 0, "...", INDEX(results_spb!$A$1:$Y$100, MATCH(1, (results_spb!$A$1:$A$100 = table_summary!$B9) * (results_spb!$C$1:$C$100 = table_summary!H$1), 0), MATCH(table_summary!H$2, results_spb!$1:$1, 0)))} -> 2.108 | J9: {=IF(INDEX(results_spb!$A$1:$Y$100, MATCH(1, (results_spb!$A$1:$A$100 = table_summary!$B9) * (results_spb!$C$1:$C$100 = table_summary!J$1), 0), MATCH(table_summary!J$2, results_spb!$1:$1, 0)) = 0, "...", INDEX(results_spb!$A$1:$Y$100, MATCH(1, (results_spb!$A$1:$A$100 = table_summary!$B9) * (results_spb!$C$1:$C$100 = table_summary!J$1), 0), MATCH(table_summary!J$2, results_spb!$1:$1, 0)))} -> 1.745 | K9: {=IF(INDEX(results_spb!$A$1:$Y$100, MATCH(1, (results_spb!$A$1:$A$100 = table_summary!$B9) * (results_spb!$C$1:$C$100 = table_summary!K$1), 0), MATCH(table_summary!K$2, results_spb!$1:$1, 0)) = 0, "...", INDEX(results_spb!$A$1:$Y$100, MATCH(1, (results_spb!$A$1:$A$100 = table_summary!$B9) * (results_spb!$C$1:$C$100 = table_summary!K$1), 0), MATCH(table_summary!K$2, results_spb!$1:$1, 0)))} -> 2.056 | M9: {=IF(INDEX(results_spb!$A$1:$Y$100, MATCH(1, (results_spb!$A$1:$A$100 = table_summary!$B9) * (results_spb!$C$1:$C$100 = table_summary!M$1), 0), MATCH(table_summary!M$2, results_spb!$1:$1, 0)) = 0, "...", INDEX(results_spb!$A$1:$Y$100, MATCH(1, (results_spb!$A$1:$A$100 = table_summary!$B9) * (results_spb!$C$1:$C$100 = table_summary!M$1), 0), MATCH(table_summary!M$2, results_spb!$1:$1, 0)))} -> ... | N9: {=IF(INDEX(results_spb!$A$1:$Y$100, MATCH(1, (results_spb!$A$1:$A$100 = table_summary!$B9) * (results_spb!$C$1:$C$100 = table_summary!N$1), 0), MATCH(table_summary!N$2, results_spb!$1:$1, 0)) = 0, "...", INDEX(results_spb!$A$1:$Y$100, MATCH(1, (results_spb!$A$1:$A$100 = table_summary!$B9) * (results_spb!$C$1:$C$100 = table_summary!N$1), 0), MATCH(table_summary!N$2, results_spb!$1:$1, 0)))} -> ... | P9: {=IF(INDEX(results_spb!$A$1:$Y$100, MATCH(1, (results_spb!$A$1:$A$100 = table_summary!$B9) * (results_spb!$C$1:$C$100 = table_summary!P$1), 0), MATCH(table_summary!P$2, results_spb!$1:$1, 0)) = 0, "...", INDEX(results_spb!$A$1:$Y$100, MATCH(1, (results_spb!$A$1:$A$100 = table_summary!$B9) * (results_spb!$C$1:$C$100 = table_summary!P$1), 0), MATCH(table_summary!P$2, results_spb!$1:$1, 0)))} -> ... | Q9: {=IF(INDEX(results_spb!$A$1:$Y$100, MATCH(1, (results_spb!$A$1:$A$100 = table_summary!$B9) * (results_spb!$C$1:$C$100 = table_summary!Q$1), 0), MATCH(table_summary!Q$2, results_spb!$1:$1, 0)) = 0, "...", INDEX(results_spb!$A$1:$Y$100, MATCH(1, (results_spb!$A$1:$A$100 = table_summary!$B9) * (results_spb!$C$1:$C$100 = table_summary!Q$1), 0), MATCH(table_summary!Q$2, results_spb!$1:$1, 0)))} -> ... | S9: {=IF(INDEX(results_spb!$A$1:$Y$100, MATCH(1, (results_spb!$A$1:$A$100 = table_summary!$B9) * (results_spb!$C$1:$C$100 = table_summary!S$1), 0), MATCH(table_summary!S$2, results_spb!$1:$1, 0)) = 0, "...", INDEX(results_spb!$A$1:$Y$100, MATCH(1, (results_spb!$A$1:$A$100 = table_summary!$B9) * (results_spb!$C$1:$C$100 = table_summary!S$1), 0), MATCH(table_summary!S$2, results_spb!$1:$1, 0)))} -> 1.869 | T9: {=IF(INDEX(results_spb!$A$1:$Y$100, MATCH(1, (results_spb!$A$1:$A$100 = table_summary!$B9) * (results_spb!$C$1:$C$100 = table_summary!T$1), 0), MATCH(table_summary!T$2, results_spb!$1:$1, 0)) = 0, "...", INDEX(results_spb!$A$1:$Y$100, MATCH(1, (results_spb!$A$1:$A$100 = table_summary!$B9) * (results_spb!$C$1:$C$100 = table_summary!T$1), 0), MATCH(table_summary!T$2, results_spb!$1:$1, 0)))} -> 2.108 | V9: =(S9-$E9)/4 -> 0.0349 | W9: =(T9-$E9)/7 -> 0.054085714 | Z9: Binding DSA criterion
A10: ITA | B10: =INDEX(Table1[#All], MATCH($A10, ameco_2024_data!$A:$A, 0), MATCH(B$2, ameco_2024_data!$1:$1, 0)) -> Italy | C10: =INDEX(Table1[#All], MATCH($A10, ameco_2024_data!$A:$A, 0), MATCH(C$2, ameco_2024_data!$1:$1, 0)) -> 138.6244 | D10: =INDEX(Table1[#All], MATCH($A10, ameco_2024_data!$A:$A, 0), MATCH(D$2, ameco_2024_data!$1:$1, 0)) -> -4.4258339 | E10: =INDEX(Table1[#All], MATCH($A10, ameco_2024_data!$A:$A, 0), MATCH(E$2, ameco_2024_data!$1:$1, 0)) -> -1.0503 | G10: {=IF(INDEX(results_spb!$A$1:$Y$100, MATCH(1, (results_spb!$A$1:$A$100 = table_summary!$B10) * (results_spb!$C$1:$C$100 = table_summary!G$1), 0), MATCH(table_summary!G$2, results_spb!$1:$1, 0)) = 0, "...", INDEX(results_spb!$A$1:$Y$100, MATCH(1, (results_spb!$A$1:$A$100 = table_summary!$B10) * (results_spb!$C$1:$C$100 = table_summary!G$1), 0), MATCH(table_summary!G$2, results_spb!$1:$1, 0)))} -> 3.286 | H10: {=IF(INDEX(results_spb!$A$1:$Y$100, MATCH(1, (results_spb!$A$1:$A$100 = table_summary!$B10) * (results_spb!$C$1:$C$100 = table_summary!H$1), 0), MATCH(table_summary!H$2, results_spb!$1:$1, 0)) = 0, "...", INDEX(results_spb!$A$1:$Y$100, MATCH(1, (results_spb!$A$1:$A$100 = table_summary!$B10) * (results_spb!$C$1:$C$100 = table_summary!H$1), 0), MATCH(table_summary!H$2, results_spb!$1:$1, 0)))} -> 2.997 | J10: {=IF(INDEX(results_spb!$A$1:$Y$100, MATCH(1, (results_spb!$A$1:$A$100 = table_summary!$B10) * (results_spb!$C$1:$C$100 = table_summary!J$1), 0), MATCH(table_summary!J$2, results_spb!$1:$1, 0)) = 0, "...", INDEX(results_spb!$A$1:$Y$100, MATCH(1, (results_spb!$A$1:$A$100 = table_summary!$B10) * (results_spb!$C$1:$C$100 = table_summary!J$1), 0), MATCH(table_summary!J$2, results_spb!$1:$1, 0)))} -> 3.168 | K10: {=IF(INDEX(results_spb!$A$1:$Y$100, MATCH(1, (results_spb!$A$1:$A$100 = table_summary!$B10) * (results_spb!$C$1:$C$100 = table_summary!K$1), 0), MATCH(table_summary!K$2, results_spb!$1:$1, 0)) = 0, "...", INDEX(results_spb!$A$1:$Y$100, MATCH(1, (results_spb!$A$1:$A$100 = table_summary!$B10) * (results_spb!$C$1:$C$100 = table_summary!K$1), 0), MATCH(table_summary!K$2, results_spb!$1:$1, 0)))} -> 3.124 | M10: {=IF(INDEX(results_spb!$A$1:$Y$100, MATCH(1, (results_spb!$A$1:$A$100 = table_summary!$B10) * (results_spb!$C$1:$C$100 = table_summary!M$1), 0), MATCH(table_summary!M$2, results_spb!$1:$1, 0)) = 0, "...", INDEX(results_spb!$A$1:$Y$100, MATCH(1, (results_spb!$A$1:$A$100 = table_summary!$B10) * (results_spb!$C$1:$C$100 = table_summary!M$1), 0), MATCH(table_summary!M$2, results_spb!$1:$1, 0)))} -> ... | N10: {=IF(INDEX(results_spb!$A$1:$Y$100, MATCH(1, (results_spb!$A$1:$A$100 = table_summary!$B10) * (results_spb!$C$1:$C$100 = table_summary!N$1), 0), MATCH(table_summary!N$2, results_spb!$1:$1, 0)) = 0, "...", INDEX(results_spb!$A$1:$Y$100, MATCH(1, (results_spb!$A$1:$A$100 = table_summary!$B10) * (results_spb!$C$1:$C$100 = table_summary!N$1), 0), MATCH(table_summary!N$2, results_spb!$1:$1, 0)))} -> ... | P10: {=IF(INDEX(results_spb!$A$1:$Y$100, MATCH(1, (results_spb!$A$1:$A$100 = table_summary!$B10) * (results_spb!$C$1:$C$100 = table_summary!P$1), 0), MATCH(table_summary!P$2, results_spb!$1:$1, 0)) = 0, "...", INDEX(results_spb!$A$1:$Y$100, MATCH(1, (results_spb!$A$1:$A$100 = table_summary!$B10) * (results_spb!$C$1:$C$100 = table_summary!P$1), 0), MATCH(table_summary!P$2, results_spb!$1:$1, 0)))} -> ... | Q10: {=IF(INDEX(results_spb!$A$1:$Y$100, MATCH(1, (results_spb!$A$1:$A$100 = table_summary!$B10) * (results_spb!$C$1:$C$100 = table_summary!Q$1), 0), MATCH(table_summary!Q$2, results_spb!$1:$1, 0)) = 0, "...", INDEX(results_spb!$A$1:$Y$100, MATCH(1, (results_spb!$A$1:$A$100 = table_summary!$B10) * (results_spb!$C$1:$C$100 = table_summary!Q$1), 0), MATCH(table_summary!Q$2, results_spb!$1:$1, 0)))} -> ... | S10: {=IF(INDEX(results_spb!$A$1:$Y$100, MATCH(1, (results_spb!$A$1:$A$100 = table_summary!$B10) * (results_spb!$C$1:$C$100 = table_summary!S$1), 0), MATCH(table_summary!S$2, results_spb!$1:$1, 0)) = 0, "...", INDEX(results_spb!$A$1:$Y$100, MATCH(1, (results_spb!$A$1:$A$100 = table_summary!$B10) * (results_spb!$C$1:$C$100 = table_summary!S$1), 0), MATCH(table_summary!S$2, results_spb!$1:$1, 0)))} -> 3.286 | T10: {=IF(INDEX(results_spb!$A$1:$Y$100, MATCH(1, (results_spb!$A$1:$A$100 = table_summary!$B10) * (results_spb!$C$1:$C$100 = table_summary!T$1), 0), MATCH(table_summary!T$2, results_spb!$1:$1, 0)) = 0, "...", INDEX(results_spb!$A$1:$Y$100, MATCH(1, (results_spb!$A$1:$A$100 = table_summary!$B10) * (results_spb!$C$1:$C$100 = table_summary!T$1), 0), MATCH(table_summary!T$2, results_spb!$1:$1, 0)))} -> 3.104 | V10: =(S10-$E10)/4 -> 1.084075 | W10: =(T10-$E10)/7 -> 0.59347143 | Z10: Binding 3% deficit cap
A11: FRA | B11: =INDEX(Table1[#All], MATCH($A11, ameco_2024_data!$A:$A, 0), MATCH(B$2, ameco_2024_data!$1:$1, 0)) -> France | C11: =INDEX(Table1[#All], MATCH($A11, ameco_2024_data!$A:$A, 0), MATCH(C$2, ameco_2024_data!$1:$1, 0)) -> 112.4088 | D11: =INDEX(Table1[#All], MATCH($A11, ameco_2024_data!$A:$A, 0), MATCH(D$2, ameco_2024_data!$1:$1, 0)) -> -5.3136057 | E11: =INDEX(Table1[#All], MATCH($A11, ameco_2024_data!$A:$A, 0), MATCH(E$2, ameco_2024_data!$1:$1, 0)) -> -2.9684 | G11: {=IF(INDEX(results_spb!$A$1:$Y$100, MATCH(1, (results_spb!$A$1:$A$100 = table_summary!$B11) * (results_spb!$C$1:$C$100 = table_summary!G$1), 0), MATCH(table_summary!G$2, results_spb!$1:$1, 0)) = 0, "...", INDEX(results_spb!$A$1:$Y$100, MATCH(1, (results_spb!$A$1:$A$100 = table_summary!$B11) * (results_spb!$C$1:$C$100 = table_summary!G$1), 0), MATCH(table_summary!G$2, results_spb!$1:$1, 0)))} -> 0.772 | H11: {=IF(INDEX(results_spb!$A$1:$Y$100, MATCH(1, (results_spb!$A$1:$A$100 = table_summary!$B11) * (results_spb!$C$1:$C$100 = table_summary!H$1), 0), MATCH(table_summary!H$2, results_spb!$1:$1, 0)) = 0, "...", INDEX(results_spb!$A$1:$Y$100, MATCH(1, (results_spb!$A$1:$A$100 = table_summary!$B11) * (results_spb!$C$1:$C$100 = table_summary!H$1), 0), MATCH(table_summary!H$2, results_spb!$1:$1, 0)))} -> 0.795 | J11: {=IF(INDEX(results_spb!$A$1:$Y$100, MATCH(1, (results_spb!$A$1:$A$100 = table_summary!$B11) * (results_spb!$C$1:$C$100 = table_summary!J$1), 0), MATCH(table_summary!J$2, results_spb!$1:$1, 0)) = 0, "...", INDEX(results_spb!$A$1:$Y$100, MATCH(1, (results_spb!$A$1:$A$100 = table_summary!$B11) * (results_spb!$C$1:$C$100 = table_summary!J$1), 0), MATCH(table_summary!J$2, results_spb!$1:$1, 0)))} -> 0.673 | K11: {=IF(INDEX(results_spb!$A$1:$Y$100, MATCH(1, (results_spb!$A$1:$A$100 = table_summary!$B11) * (results_spb!$C$1:$C$100 = table_summary!K$1), 0), MATCH(table_summary!K$2, results_spb!$1:$1, 0)) = 0, "...", INDEX(results_spb!$A$1:$Y$100, MATCH(1, (results_spb!$A$1:$A$100 = table_summary!$B11) * (results_spb!$C$1:$C$100 = table_summary!K$1), 0), MATCH(table_summary!K$2, results_spb!$1:$1, 0)))} -> 0.753 | M11: {=IF(INDEX(results_spb!$A$1:$Y$100, MATCH(1, (results_spb!$A$1:$A$100 = table_summary!$B11) * (results_spb!$C$1:$C$100 = table_summary!M$1), 0), MATCH(table_summary!M$2, results_spb!$1:$1, 0)) = 0, "...", INDEX(results_spb!$A$1:$Y$100, MATCH(1, (results_spb!$A$1:$A$100 = table_summary!$B11) * (results_spb!$C$1:$C$100 = table_summary!M$1), 0), MATCH(table_summary!M$2, results_spb!$1:$1, 0)))} -> ... | N11: {=IF(INDEX(results_spb!$A$1:$Y$100, MATCH(1, (results_spb!$A$1:$A$100 = table_summary!$B11) * (results_spb!$C$1:$C$100 = table_summary!N$1), 0), MATCH(table_summary!N$2, results_spb!$1:$1, 0)) = 0, "...", INDEX(results_spb!$A$1:$Y$100, MATCH(1, (results_spb!$A$1:$A$100 = table_summary!$B11) * (results_spb!$C$1:$C$100 = table_summary!N$1), 0), MATCH(table_summary!N$2, results_spb!$1:$1, 0)))} -> ... | P11: {=IF(INDEX(results_spb!$A$1:$Y$100, MATCH(1, (results_spb!$A$1:$A$100 = table_summary!$B11) * (results_spb!$C$1:$C$100 = table_summary!P$1), 0), MATCH(table_summary!P$2, results_spb!$1:$1, 0)) = 0, "...", INDEX(results_spb!$A$1:$Y$100, MATCH(1, (results_spb!$A$1:$A$100 = table_summary!$B11) * (results_spb!$C$1:$C$100 = table_summary!P$1), 0), MATCH(table_summary!P$2, results_spb!$1:$1, 0)))} -> ... | Q11: {=IF(INDEX(results_spb!$A$1:$Y$100, MATCH(1, (results_spb!$A$1:$A$100 = table_summary!$B11) * (results_spb!$C$1:$C$100 = table_summary!Q$1), 0), MATCH(table_summary!Q$2, results_spb!$1:$1, 0)) = 0, "...", INDEX(results_spb!$A$1:$Y$100, MATCH(1, (results_spb!$A$1:$A$100 = table_summary!$B11) * (results_spb!$C$1:$C$100 = table_summary!Q$1), 0), MATCH(table_summary!Q$2, results_spb!$1:$1, 0)))} -> 0.814 | S11: {=IF(INDEX(results_spb!$A$1:$Y$100, MATCH(1, (results_spb!$A$1:$A$100 = table_summary!$B11) * (results_spb!$C$1:$C$100 = table_summary!S$1), 0), MATCH(table_summary!S$2, results_spb!$1:$1, 0)) = 0, "...", INDEX(results_spb!$A$1:$Y$100, MATCH(1, (results_spb!$A$1:$A$100 = table_summary!$B11) * (results_spb!$C$1:$C$100 = table_summary!S$1), 0), MATCH(table_summary!S$2, results_spb!$1:$1, 0)))} -> 0.772 | T11: {=IF(INDEX(results_spb!$A$1:$Y$100, MATCH(1, (results_spb!$A$1:$A$100 = table_summary!$B11) * (results_spb!$C$1:$C$100 = table_summary!T$1), 0), MATCH(table_summary!T$2, results_spb!$1:$1, 0)) = 0, "...", INDEX(results_spb!$A$1:$Y$100, MATCH(1, (results_spb!$A$1:$A$100 = table_summary!$B11) * (results_spb!$C$1:$C$100 = table_summary!T$1), 0), MATCH(table_summary!T$2, results_spb!$1:$1, 0)))} -> 0.814 | V11: =(S11-$E11)/4 -> 0.9351 | W11: =(T11-$E11)/7 -> 0.54034286 | Z11: Binding debt sustainability safeguard
A12: ESP | B12: =INDEX(Table1[#All], MATCH($A12, ameco_2024_data!$A:$A, 0), MATCH(B$2, ameco_2024_data!$1:$1, 0)) -> Spain | C12: =INDEX(Table1[#All], MATCH($A12, ameco_2024_data!$A:$A, 0), MATCH(C$2, ameco_2024_data!$1:$1, 0)) -> 105.5079 | D12: =INDEX(Table1[#All], MATCH($A12, ameco_2024_data!$A:$A, 0), MATCH(D$2, ameco_2024_data!$1:$1, 0)) -> -2.986415 | E12: =INDEX(Table1[#All], MATCH($A12, ameco_2024_data!$A:$A, 0), MATCH(E$2, ameco_2024_data!$1:$1, 0)) -> -0.849 | G12: {=IF(INDEX(results_spb!$A$1:$Y$100, MATCH(1, (results_spb!$A$1:$A$100 = table_summary!$B12) * (results_spb!$C$1:$C$100 = table_summary!G$1), 0), MATCH(table_summary!G$2, results_spb!$1:$1, 0)) = 0, "...", INDEX(results_spb!$A$1:$Y$100, MATCH(1, (results_spb!$A$1:$A$100 = table_summary!$B12) * (results_spb!$C$1:$C$100 = table_summary!G$1), 0), MATCH(table_summary!G$2, results_spb!$1:$1, 0)))} -> 2.73 | H12: {=IF(INDEX(results_spb!$A$1:$Y$100, MATCH(1, (results_spb!$A$1:$A$100 = table_summary!$B12) * (results_spb!$C$1:$C$100 = table_summary!H$1), 0), MATCH(table_summary!H$2, results_spb!$1:$1, 0)) = 0, "...", INDEX(results_spb!$A$1:$Y$100, MATCH(1, (results_spb!$A$1:$A$100 = table_summary!$B12) * (results_spb!$C$1:$C$100 = table_summary!H$1), 0), MATCH(table_summary!H$2, results_spb!$1:$1, 0)))} -> 2.777 | J12: {=IF(INDEX(results_spb!$A$1:$Y$100, MATCH(1, (results_spb!$A$1:$A$100 = table_summary!$B12) * (results_spb!$C$1:$C$100 = table_summary!J$1), 0), MATCH(table_summary!J$2, results_spb!$1:$1, 0)) = 0, "...", INDEX(results_spb!$A$1:$Y$100, MATCH(1, (results_spb!$A$1:$A$100 = table_summary!$B12) * (results_spb!$C$1:$C$100 = table_summary!J$1), 0), MATCH(table_summary!J$2, results_spb!$1:$1, 0)))} -> 2.207 | K12: {=IF(INDEX(results_spb!$A$1:$Y$100, MATCH(1, (results_spb!$A$1:$A$100 = table_summary!$B12) * (results_spb!$C$1:$C$100 = table_summary!K$1), 0), MATCH(table_summary!K$2, results_spb!$1:$1, 0)) = 0, "...", INDEX(results_spb!$A$1:$Y$100, MATCH(1, (results_spb!$A$1:$A$100 = table_summary!$B12) * (results_spb!$C$1:$C$100 = table_summary!K$1), 0), MATCH(table_summary!K$2, results_spb!$1:$1, 0)))} -> 2.274 | M12: {=IF(INDEX(results_spb!$A$1:$Y$100, MATCH(1, (results_spb!$A$1:$A$100 = table_summary!$B12) * (results_spb!$C$1:$C$100 = table_summary!M$1), 0), MATCH(table_summary!M$2, results_spb!$1:$1, 0)) = 0, "...", INDEX(results_spb!$A$1:$Y$100, MATCH(1, (results_spb!$A$1:$A$100 = table_summary!$B12) * (results_spb!$C$1:$C$100 = table_summary!M$1), 0), MATCH(table_summary!M$2, results_spb!$1:$1, 0)))} -> ... | N12: {=IF(INDEX(results_spb!$A$1:$Y$100, MATCH(1, (results_spb!$A$1:$A$100 = table_summary!$B12) * (results_spb!$C$1:$C$100 = table_summary!N$1), 0), MATCH(table_summary!N$2, results_spb!$1:$1, 0)) = 0, "...", INDEX(results_spb!$A$1:$Y$100, MATCH(1, (results_spb!$A$1:$A$100 = table_summary!$B12) * (results_spb!$C$1:$C$100 = table_summary!N$1), 0), MATCH(table_summary!N$2, results_spb!$1:$1, 0)))} -> ... | P12: {=IF(INDEX(results_spb!$A$1:$Y$100, MATCH(1, (results_spb!$A$1:$A$100 = table_summary!$B12) * (results_spb!$C$1:$C$100 = table_summary!P$1), 0), MATCH(table_summary!P$2, results_spb!$1:$1, 0)) = 0, "...", INDEX(results_spb!$A$1:$Y$100, MATCH(1, (results_spb!$A$1:$A$100 = table_summary!$B12) * (results_spb!$C$1:$C$100 = table_summary!P$1), 0), MATCH(table_summary!P$2, results_spb!$1:$1, 0)))} -> ... | Q12: {=IF(INDEX(results_spb!$A$1:$Y$100, MATCH(1, (results_spb!$A$1:$A$100 = table_summary!$B12) * (results_spb!$C$1:$C$100 = table_summary!Q$1), 0), MATCH(table_summary!Q$2, results_spb!$1:$1, 0)) = 0, "...", INDEX(results_spb!$A$1:$Y$100, MATCH(1, (results_spb!$A$1:$A$100 = table_summary!$B12) * (results_spb!$C$1:$C$100 = table_summary!Q$1), 0), MATCH(table_summary!Q$2, results_spb!$1:$1, 0)))} -> ... | S12: {=IF(INDEX(results_spb!$A$1:$Y$100, MATCH(1, (results_spb!$A$1:$A$100 = table_summary!$B12) * (results_spb!$C$1:$C$100 = table_summary!S$1), 0), MATCH(table_summary!S$2, results_spb!$1:$1, 0)) = 0, "...", INDEX(results_spb!$A$1:$Y$100, MATCH(1, (results_spb!$A$1:$A$100 = table_summary!$B12) * (results_spb!$C$1:$C$100 = table_summary!S$1), 0), MATCH(table_summary!S$2, results_spb!$1:$1, 0)))} -> 2.73 | T12: {=IF(INDEX(results_spb!$A$1:$Y$100, MATCH(1, (results_spb!$A$1:$A$100 = table_summary!$B12) * (results_spb!$C$1:$C$100 = table_summary!T$1), 0), MATCH(table_summary!T$2, results_spb!$1:$1, 0)) = 0, "...", INDEX(results_spb!$A$1:$Y$100, MATCH(1, (results_spb!$A$1:$A$100 = table_summary!$B12) * (results_spb!$C$1:$C$100 = table_summary!T$1), 0), MATCH(table_summary!T$2, results_spb!$1:$1, 0)))} -> 2.777 | V12: =(S12-$E12)/4 -> 0.89475 | W12: =(T12-$E12)/7 -> 0.518 | Z12: Binding deficit resilience safeguard, no impact on final SPB
A13: BEL | B13: =INDEX(Table1[#All], MATCH($A13, ameco_2024_data!$A:$A, 0), MATCH(B$2, ameco_2024_data!$1:$1, 0)) -> Belgium | C13: =INDEX(Table1[#All], MATCH($A13, ameco_2024_data!$A:$A, 0), MATCH(C$2, ameco_2024_data!$1:$1, 0)) -> 105.0356 | D13: =INDEX(Table1[#All], MATCH($A13, ameco_2024_data!$A:$A, 0), MATCH(D$2, ameco_2024_data!$1:$1, 0)) -> -4.4116011 | E13: =INDEX(Table1[#All], MATCH($A13, ameco_2024_data!$A:$A, 0), MATCH(E$2, ameco_2024_data!$1:$1, 0)) -> -1.8693 | G13: {=IF(INDEX(results_spb!$A$1:$Y$100, MATCH(1, (results_spb!$A$1:$A$100 = table_summary!$B13) * (results_spb!$C$1:$C$100 = table_summary!G$1), 0), MATCH(table_summary!G$2, results_spb!$1:$1, 0)) = 0, "...", INDEX(results_spb!$A$1:$Y$100, MATCH(1, (results_spb!$A$1:$A$100 = table_summary!$B13) * (results_spb!$C$1:$C$100 = table_summary!G$1), 0), MATCH(table_summary!G$2, results_spb!$1:$1, 0)))} -> 1.092 | H13: {=IF(INDEX(results_spb!$A$1:$Y$100, MATCH(1, (results_spb!$A$1:$A$100 = table_summary!$B13) * (results_spb!$C$1:$C$100 = table_summary!H$1), 0), MATCH(table_summary!H$2, results_spb!$1:$1, 0)) = 0, "...", INDEX(results_spb!$A$1:$Y$100, MATCH(1, (results_spb!$A$1:$A$100 = table_summary!$B13) * (results_spb!$C$1:$C$100 = table_summary!H$1), 0), MATCH(table_summary!H$2, results_spb!$1:$1, 0)))} -> 1.135 | J13: {=IF(INDEX(results_spb!$A$1:$Y$100, MATCH(1, (results_spb!$A$1:$A$100 = table_summary!$B13) * (results_spb!$C$1:$C$100 = table_summary!J$1), 0), MATCH(table_summary!J$2, results_spb!$1:$1, 0)) = 0, "...", INDEX(results_spb!$A$1:$Y$100, MATCH(1, (results_spb!$A$1:$A$100 = table_summary!$B13) * (results_spb!$C$1:$C$100 = table_summary!J$1), 0), MATCH(table_summary!J$2, results_spb!$1:$1, 0)))} -> 0.814 | K13: {=IF(INDEX(results_spb!$A$1:$Y$100, MATCH(1, (results_spb!$A$1:$A$100 = table_summary!$B13) * (results_spb!$C$1:$C$100 = table_summary!K$1), 0), MATCH(table_summary!K$2, results_spb!$1:$1, 0)) = 0, "...", INDEX(results_spb!$A$1:$Y$100, MATCH(1, (results_spb!$A$1:$A$100 = table_summary!$B13) * (results_spb!$C$1:$C$100 = table_summary!K$1), 0), MATCH(table_summary!K$2, results_spb!$1:$1, 0)))} -> 0.923 | M13: {=IF(INDEX(results_spb!$A$1:$Y$100, MATCH(1, (results_spb!$A$1:$A$100 = table_summary!$B13) * (results_spb!$C$1:$C$100 = table_summary!M$1), 0), MATCH(table_summary!M$2, results_spb!$1:$1, 0)) = 0, "...", INDEX(results_spb!$A$1:$Y$100, MATCH(1, (results_spb!$A$1:$A$100 = table_summary!$B13) * (results_spb!$C$1:$C$100 = table_summary!M$1), 0), MATCH(table_summary!M$2, results_spb!$1:$1, 0)))} -> ... | N13: {=IF(INDEX(results_spb!$A$1:$Y$100, MATCH(1, (results_spb!$A$1:$A$100 = table_summary!$B13) * (results_spb!$C$1:$C$100 = table_summary!N$1), 0), MATCH(table_summary!N$2, results_spb!$1:$1, 0)) = 0, "...", INDEX(results_spb!$A$1:$Y$100, MATCH(1, (results_spb!$A$1:$A$100 = table_summary!$B13) * (results_spb!$C$1:$C$100 = table_summary!N$1), 0), MATCH(table_summary!N$2, results_spb!$1:$1, 0)))} -> ... | P13: {=IF(INDEX(results_spb!$A$1:$Y$100, MATCH(1, (results_spb!$A$1:$A$100 = table_summary!$B13) * (results_spb!$C$1:$C$100 = table_summary!P$1), 0), MATCH(table_summary!P$2, results_spb!$1:$1, 0)) = 0, "...", INDEX(results_spb!$A$1:$Y$100, MATCH(1, (results_spb!$A$1:$A$100 = table_summary!$B13) * (results_spb!$C$1:$C$100 = table_summary!P$1), 0), MATCH(table_summary!P$2, results_spb!$1:$1, 0)))} -> ... | Q13: {=IF(INDEX(results_spb!$A$1:$Y$100, MATCH(1, (results_spb!$A$1:$A$100 = table_summary!$B13) * (results_spb!$C$1:$C$100 = table_summary!Q$1), 0), MATCH(table_summary!Q$2, results_spb!$1:$1, 0)) = 0, "...", INDEX(results_spb!$A$1:$Y$100, MATCH(1, (results_spb!$A$1:$A$100 = table_summary!$B13) * (results_spb!$C$1:$C$100 = table_summary!Q$1), 0), MATCH(table_summary!Q$2, results_spb!$1:$1, 0)))} -> ... | S13: {=IF(INDEX(results_spb!$A$1:$Y$100, MATCH(1, (results_spb!$A$1:$A$100 = table_summary!$B13) * (results_spb!$C$1:$C$100 = table_summary!S$1), 0), MATCH(table_summary!S$2, results_spb!$1:$1, 0)) = 0, "...", INDEX(results_spb!$A$1:$Y$100, MATCH(1, (results_spb!$A$1:$A$100 = table_summary!$B13) * (results_spb!$C$1:$C$100 = table_summary!S$1), 0), MATCH(table_summary!S$2, results_spb!$1:$1, 0)))} -> 1.092 | T13: {=IF(INDEX(results_spb!$A$1:$Y$100, MATCH(1, (results_spb!$A$1:$A$100 = table_summary!$B13) * (results_spb!$C$1:$C$100 = table_summary!T$1), 0), MATCH(table_summary!T$2, results_spb!$1:$1, 0)) = 0, "...", INDEX(results_spb!$A$1:$Y$100, MATCH(1, (results_spb!$A$1:$A$100 = table_summary!$B13) * (results_spb!$C$1:$C$100 = table_summary!T$1), 0), MATCH(table_summary!T$2, results_spb!$1:$1, 0)))} -> 1.13 | V13: =(S13-$E13)/4 -> 0.740325 | W13: =(T13-$E13)/7 -> 0.42847143 | Z13: Binding deficit resilience safeguard, impact on final SPB
A14: PRT | B14: =INDEX(Table1[#All], MATCH($A14, ameco_2024_data!$A:$A, 0), MATCH(B$2, ameco_2024_data!$1:$1, 0)) -> Portugal | C14: =INDEX(Table1[#All], MATCH($A14, ameco_2024_data!$A:$A, 0), MATCH(C$2, ameco_2024_data!$1:$1, 0)) -> 95.6314 | D14: =INDEX(Table1[#All], MATCH($A14, ameco_2024_data!$A:$A, 0), MATCH(D$2, ameco_2024_data!$1:$1, 0)) -> 0.4367736 | E14: =INDEX(Table1[#All], MATCH($A14, ameco_2024_data!$A:$A, 0), MATCH(E$2, ameco_2024_data!$1:$1, 0)) -> 2.2021 | G14: {=IF(INDEX(results_spb!$A$1:$Y$100, MATCH(1, (results_spb!$A$1:$A$100 = table_summary!$B14) * (results_spb!$C$1:$C$100 = table_summary!G$1), 0), MATCH(table_summary!G$2, results_spb!$1:$1, 0)) = 0, "...", INDEX(results_spb!$A$1:$Y$100, MATCH(1, (results_spb!$A$1:$A$100 = table_summary!$B14) * (results_spb!$C$1:$C$100 = table_summary!G$1), 0), MATCH(table_summary!G$2, results_spb!$1:$1, 0)))} -> 2.566 | H14: {=IF(INDEX(results_spb!$A$1:$Y$100, MATCH(1, (results_spb!$A$1:$A$100 = table_summary!$B14) * (results_spb!$C$1:$C$100 = table_summary!H$1), 0), MATCH(table_summary!H$2, results_spb!$1:$1, 0)) = 0, "...", INDEX(results_spb!$A$1:$Y$100, MATCH(1, (results_spb!$A$1:$A$100 = table_summary!$B14) * (results_spb!$C$1:$C$100 = table_summary!H$1), 0), MATCH(table_summary!H$2, results_spb!$1:$1, 0)))} -> 2.289 | J14: {=IF(INDEX(results_spb!$A$1:$Y$100, MATCH(1, (results_spb!$A$1:$A$100 = table_summary!$B14) * (results_spb!$C$1:$C$100 = table_summary!J$1), 0), MATCH(table_summary!J$2, results_spb!$1:$1, 0)) = 0, "...", INDEX(results_spb!$A$1:$Y$100, MATCH(1, (results_spb!$A$1:$A$100 = table_summary!$B14) * (results_spb!$C$1:$C$100 = table_summary!J$1), 0), MATCH(table_summary!J$2, results_spb!$1:$1, 0)))} -> 1.682 | K14: {=IF(INDEX(results_spb!$A$1:$Y$100, MATCH(1, (results_spb!$A$1:$A$100 = table_summary!$B14) * (results_spb!$C$1:$C$100 = table_summary!K$1), 0), MATCH(table_summary!K$2, results_spb!$1:$1, 0)) = 0, "...", INDEX(results_spb!$A$1:$Y$100, MATCH(1, (results_spb!$A$1:$A$100 = table_summary!$B14) * (results_spb!$C$1:$C$100 = table_summary!K$1), 0), MATCH(table_summary!K$2, results_spb!$1:$1, 0)))} -> 1.461 | M14: {=IF(INDEX(results_spb!$A$1:$Y$100, MATCH(1, (results_spb!$A$1:$A$100 = table_summary!$B14) * (results_spb!$C$1:$C$100 = table_summary!M$1), 0), MATCH(table_summary!M$2, results_spb!$1:$1, 0)) = 0, "...", INDEX(results_spb!$A$1:$Y$100, MATCH(1, (results_spb!$A$1:$A$100 = table_summary!$B14) * (results_spb!$C$1:$C$100 = table_summary!M$1), 0), MATCH(table_summary!M$2, results_spb!$1:$1, 0)))} -> ... | N14: {=IF(INDEX(results_spb!$A$1:$Y$100, MATCH(1, (results_spb!$A$1:$A$100 = table_summary!$B14) * (results_spb!$C$1:$C$100 = table_summary!N$1), 0), MATCH(table_summary!N$2, results_spb!$1:$1, 0)) = 0, "...", INDEX(results_spb!$A$1:$Y$100, MATCH(1, (results_spb!$A$1:$A$100 = table_summary!$B14) * (results_spb!$C$1:$C$100 = table_summary!N$1), 0), MATCH(table_summary!N$2, results_spb!$1:$1, 0)))} -> ... | P14: {=IF(INDEX(results_spb!$A$1:$Y$100, MATCH(1, (results_spb!$A$1:$A$100 = table_summary!$B14) * (results_spb!$C$1:$C$100 = table_summary!P$1), 0), MATCH(table_summary!P$2, results_spb!$1:$1, 0)) = 0, "...", INDEX(results_spb!$A$1:$Y$100, MATCH(1, (results_spb!$A$1:$A$100 = table_summary!$B14) * (results_spb!$C$1:$C$100 = table_summary!P$1), 0), MATCH(table_summary!P$2, results_spb!$1:$1, 0)))} -> ... | Q14: {=IF(INDEX(results_spb!$A$1:$Y$100, MATCH(1, (results_spb!$A$1:$A$100 = table_summary!$B14) * (results_spb!$C$1:$C$100 = table_summary!Q$1), 0), MATCH(table_summary!Q$2, results_spb!$1:$1, 0)) = 0, "...", INDEX(results_spb!$A$1:$Y$100, MATCH(1, (results_spb!$A$1:$A$100 = table_summary!$B14) * (results_spb!$C$1:$C$100 = table_summary!Q$1), 0), MATCH(table_summary!Q$2, results_spb!$1:$1, 0)))} -> ... | S14: {=IF(INDEX(results_spb!$A$1:$Y$100, MATCH(1, (results_spb!$A$1:$A$100 = table_summary!$B14) * (results_spb!$C$1:$C$100 = table_summary!S$1), 0), MATCH(table_summary!S$2, results_spb!$1:$1, 0)) = 0, "...", INDEX(results_spb!$A$1:$Y$100, MATCH(1, (results_spb!$A$1:$A$100 = table_summary!$B14) * (results_spb!$C$1:$C$100 = table_summary!S$1), 0), MATCH(table_summary!S$2, results_spb!$1:$1, 0)))} -> 2.566 | T14: {=IF(INDEX(results_spb!$A$1:$Y$100, MATCH(1, (results_spb!$A$1:$A$100 = table_summary!$B14) * (results_spb!$C$1:$C$100 = table_summary!T$1), 0), MATCH(table_summary!T$2, results_spb!$1:$1, 0)) = 0, "...", INDEX(results_spb!$A$1:$Y$100, MATCH(1, (results_spb!$A$1:$A$100 = table_summary!$B14) * (results_spb!$C$1:$C$100 = table_summary!T$1), 0), MATCH(table_summary!T$2, results_spb!$1:$1, 0)))} -> 2.289 | V14: =(S14-$E14)/4 -> 0.090975 | W14: =(T14-$E14)/7 -> 0.012414286
A15: FIN | B15: =INDEX(Table1[#All], MATCH($A15, ameco_2024_data!$A:$A, 0), MATCH(B$2, ameco_2024_data!$1:$1, 0)) -> Finland | C15: =INDEX(Table1[#All], MATCH($A15, ameco_2024_data!$A:$A, 0), MATCH(C$2, ameco_2024_data!$1:$1, 0)) -> 80.4874 | D15: =INDEX(Table1[#All], MATCH($A15, ameco_2024_data!$A:$A, 0), MATCH(D$2, ameco_2024_data!$1:$1, 0)) -> -3.4097269 | E15: =INDEX(Table1[#All], MATCH($A15, ameco_2024_data!$A:$A, 0), MATCH(E$2, ameco_2024_data!$1:$1, 0)) -> -0.5301 | G15: {=IF(INDEX(results_spb!$A$1:$Y$100, MATCH(1, (results_spb!$A$1:$A$100 = table_summary!$B15) * (results_spb!$C$1:$C$100 = table_summary!G$1), 0), MATCH(table_summary!G$2, results_spb!$1:$1, 0)) = 0, "...", INDEX(results_spb!$A$1:$Y$100, MATCH(1, (results_spb!$A$1:$A$100 = table_summary!$B15) * (results_spb!$C$1:$C$100 = table_summary!G$1), 0), MATCH(table_summary!G$2, results_spb!$1:$1, 0)))} -> 1.381 | H15: {=IF(INDEX(results_spb!$A$1:$Y$100, MATCH(1, (results_spb!$A$1:$A$100 = table_summary!$B15) * (results_spb!$C$1:$C$100 = table_summary!H$1), 0), MATCH(table_summary!H$2, results_spb!$1:$1, 0)) = 0, "...", INDEX(results_spb!$A$1:$Y$100, MATCH(1, (results_spb!$A$1:$A$100 = table_summary!$B15) * (results_spb!$C$1:$C$100 = table_summary!H$1), 0), MATCH(table_summary!H$2, results_spb!$1:$1, 0)))} -> 0.98 | J15: {=IF(INDEX(results_spb!$A$1:$Y$100, MATCH(1, (results_spb!$A$1:$A$100 = table_summary!$B15) * (results_spb!$C$1:$C$100 = table_summary!J$1), 0), MATCH(table_summary!J$2, results_spb!$1:$1, 0)) = 0, "...", INDEX(results_spb!$A$1:$Y$100, MATCH(1, (results_spb!$A$1:$A$100 = table_summary!$B15) * (results_spb!$C$1:$C$100 = table_summary!J$1), 0), MATCH(table_summary!J$2, results_spb!$1:$1, 0)))} -> -0.384 | K15: {=IF(INDEX(results_spb!$A$1:$Y$100, MATCH(1, (results_spb!$A$1:$A$100 = table_summary!$B15) * (results_spb!$C$1:$C$100 = table_summary!K$1), 0), MATCH(table_summary!K$2, results_spb!$1:$1, 0)) = 0, "...", INDEX(results_spb!$A$1:$Y$100, MATCH(1, (results_spb!$A$1:$A$100 = table_summary!$B15) * (results_spb!$C$1:$C$100 = table_summary!K$1), 0), MATCH(table_summary!K$2, results_spb!$1:$1, 0)))} -> -0.615 | M15: {=IF(INDEX(results_spb!$A$1:$Y$100, MATCH(1, (results_spb!$A$1:$A$100 = table_summary!$B15) * (results_spb!$C$1:$C$100 = table_summary!M$1), 0), MATCH(table_summary!M$2, results_spb!$1:$1, 0)) = 0, "...", INDEX(results_spb!$A$1:$Y$100, MATCH(1, (results_spb!$A$1:$A$100 = table_summary!$B15) * (results_spb!$C$1:$C$100 = table_summary!M$1), 0), MATCH(table_summary!M$2, results_spb!$1:$1, 0)))} -> 4.31 | N15: {=IF(INDEX(results_spb!$A$1:$Y$100, MATCH(1, (results_spb!$A$1:$A$100 = table_summary!$B15) * (results_spb!$C$1:$C$100 = table_summary!N$1), 0), MATCH(table_summary!N$2, results_spb!$1:$1, 0)) = 0, "...", INDEX(results_spb!$A$1:$Y$100, MATCH(1, (results_spb!$A$1:$A$100 = table_summary!$B15) * (results_spb!$C$1:$C$100 = table_summary!N$1), 0), MATCH(table_summary!N$2, results_spb!$1:$1, 0)))} -> 3.321 | P15: {=IF(INDEX(results_spb!$A$1:$Y$100, MATCH(1, (results_spb!$A$1:$A$100 = table_summary!$B15) * (results_spb!$C$1:$C$100 = table_summary!P$1), 0), MATCH(table_summary!P$2, results_spb!$1:$1, 0)) = 0, "...", INDEX(results_spb!$A$1:$Y$100, MATCH(1, (results_spb!$A$1:$A$100 = table_summary!$B15) * (results_spb!$C$1:$C$100 = table_summary!P$1), 0), MATCH(table_summary!P$2, results_spb!$1:$1, 0)))} -> ... | Q15: {=IF(INDEX(results_spb!$A$1:$Y$100, MATCH(1, (results_spb!$A$1:$A$100 = table_summary!$B15) * (results_spb!$C$1:$C$100 = table_summary!Q$1), 0), MATCH(table_summary!Q$2, results_spb!$1:$1, 0)) = 0, "...", INDEX(results_spb!$A$1:$Y$100, MATCH(1, (results_spb!$A$1:$A$100 = table_summary!$B15) * (results_spb!$C$1:$C$100 = table_summary!Q$1), 0), MATCH(table_summary!Q$2, results_spb!$1:$1, 0)))} -> ... | S15: {=IF(INDEX(results_spb!$A$1:$Y$100, MATCH(1, (results_spb!$A$1:$A$100 = table_summary!$B15) * (results_spb!$C$1:$C$100 = table_summary!S$1), 0), MATCH(table_summary!S$2, results_spb!$1:$1, 0)) = 0, "...", INDEX(results_spb!$A$1:$Y$100, MATCH(1, (results_spb!$A$1:$A$100 = table_summary!$B15) * (results_spb!$C$1:$C$100 = table_summary!S$1), 0), MATCH(table_summary!S$2, results_spb!$1:$1, 0)))} -> 4.31 | T15: {=IF(INDEX(results_spb!$A$1:$Y$100, MATCH(1, (results_spb!$A$1:$A$100 = table_summary!$B15) * (results_spb!$C$1:$C$100 = table_summary!T$1), 0), MATCH(table_summary!T$2, results_spb!$1:$1, 0)) = 0, "...", INDEX(results_spb!$A$1:$Y$100, MATCH(1, (results_spb!$A$1:$A$100 = table_summary!$B15) * (results_spb!$C$1:$C$100 = table_summary!T$1), 0), MATCH(table_summary!T$2, results_spb!$1:$1, 0)))} -> 3.321 | V15: =(S15-$E15)/4 -> 1.210025 | W15: =(T15-$E15)/7 -> 0.55015714
A16: AUT | B16: =INDEX(Table1[#All], MATCH($A16, ameco_2024_data!$A:$A, 0), MATCH(B$2, ameco_2024_data!$1:$1, 0)) -> Austria | C16: =INDEX(Table1[#All], MATCH($A16, ameco_2024_data!$A:$A, 0), MATCH(C$2, ameco_2024_data!$1:$1, 0)) -> 77.6939 | D16: =INDEX(Table1[#All], MATCH($A16, ameco_2024_data!$A:$A, 0), MATCH(D$2, ameco_2024_data!$1:$1, 0)) -> -3.0652172 | E16: =INDEX(Table1[#All], MATCH($A16, ameco_2024_data!$A:$A, 0), MATCH(E$2, ameco_2024_data!$1:$1, 0)) -> -1.1266 | G16: {=IF(INDEX(results_spb!$A$1:$Y$100, MATCH(1, (results_spb!$A$1:$A$100 = table_summary!$B16) * (results_spb!$C$1:$C$100 = table_summary!G$1), 0), MATCH(table_summary!G$2, results_spb!$1:$1, 0)) = 0, "...", INDEX(results_spb!$A$1:$Y$100, MATCH(1, (results_spb!$A$1:$A$100 = table_summary!$B16) * (results_spb!$C$1:$C$100 = table_summary!G$1), 0), MATCH(table_summary!G$2, results_spb!$1:$1, 0)))} -> 0.781 | H16: {=IF(INDEX(results_spb!$A$1:$Y$100, MATCH(1, (results_spb!$A$1:$A$100 = table_summary!$B16) * (results_spb!$C$1:$C$100 = table_summary!H$1), 0), MATCH(table_summary!H$2, results_spb!$1:$1, 0)) = 0, "...", INDEX(results_spb!$A$1:$Y$100, MATCH(1, (results_spb!$A$1:$A$100 = table_summary!$B16) * (results_spb!$C$1:$C$100 = table_summary!H$1), 0), MATCH(table_summary!H$2, results_spb!$1:$1, 0)))} -> 0.713 | J16: {=IF(INDEX(results_spb!$A$1:$Y$100, MATCH(1, (results_spb!$A$1:$A$100 = table_summary!$B16) * (results_spb!$C$1:$C$100 = table_summary!J$1), 0), MATCH(table_summary!J$2, results_spb!$1:$1, 0)) = 0, "...", INDEX(results_spb!$A$1:$Y$100, MATCH(1, (results_spb!$A$1:$A$100 = table_summary!$B16) * (results_spb!$C$1:$C$100 = table_summary!J$1), 0), MATCH(table_summary!J$2, results_spb!$1:$1, 0)))} -> -0.082 | K16: {=IF(INDEX(results_spb!$A$1:$Y$100, MATCH(1, (results_spb!$A$1:$A$100 = table_summary!$B16) * (results_spb!$C$1:$C$100 = table_summary!K$1), 0), MATCH(table_summary!K$2, results_spb!$1:$1, 0)) = 0, "...", INDEX(results_spb!$A$1:$Y$100, MATCH(1, (results_spb!$A$1:$A$100 = table_summary!$B16) * (results_spb!$C$1:$C$100 = table_summary!K$1), 0), MATCH(table_summary!K$2, results_spb!$1:$1, 0)))} -> -0.239 | M16: {=IF(INDEX(results_spb!$A$1:$Y$100, MATCH(1, (results_spb!$A$1:$A$100 = table_summary!$B16) * (results_spb!$C$1:$C$100 = table_summary!M$1), 0), MATCH(table_summary!M$2, results_spb!$1:$1, 0)) = 0, "...", INDEX(results_spb!$A$1:$Y$100, MATCH(1, (results_spb!$A$1:$A$100 = table_summary!$B16) * (results_spb!$C$1:$C$100 = table_summary!M$1), 0), MATCH(table_summary!M$2, results_spb!$1:$1, 0)))} -> ... | N16: {=IF(INDEX(results_spb!$A$1:$Y$100, MATCH(1, (results_spb!$A$1:$A$100 = table_summary!$B16) * (results_spb!$C$1:$C$100 = table_summary!N$1), 0), MATCH(table_summary!N$2, results_spb!$1:$1, 0)) = 0, "...", INDEX(results_spb!$A$1:$Y$100, MATCH(1, (results_spb!$A$1:$A$100 = table_summary!$B16) * (results_spb!$C$1:$C$100 = table_summary!N$1), 0), MATCH(table_summary!N$2, results_spb!$1:$1, 0)))} -> ... | P16: {=IF(INDEX(results_spb!$A$1:$Y$100, MATCH(1, (results_spb!$A$1:$A$100 = table_summary!$B16) * (results_spb!$C$1:$C$100 = table_summary!P$1), 0), MATCH(table_summary!P$2, results_spb!$1:$1, 0)) = 0, "...", INDEX(results_spb!$A$1:$Y$100, MATCH(1, (results_spb!$A$1:$A$100 = table_summary!$B16) * (results_spb!$C$1:$C$100 = table_summary!P$1), 0), MATCH(table_summary!P$2, results_spb!$1:$1, 0)))} -> ... | Q16: {=IF(INDEX(results_spb!$A$1:$Y$100, MATCH(1, (results_spb!$A$1:$A$100 = table_summary!$B16) * (results_spb!$C$1:$C$100 = table_summary!Q$1), 0), MATCH(table_summary!Q$2, results_spb!$1:$1, 0)) = 0, "...", INDEX(results_spb!$A$1:$Y$100, MATCH(1, (results_spb!$A$1:$A$100 = table_summary!$B16) * (results_spb!$C$1:$C$100 = table_summary!Q$1), 0), MATCH(table_summary!Q$2, results_spb!$1:$1, 0)))} -> ... | S16: {=IF(INDEX(results_spb!$A$1:$Y$100, MATCH(1, (results_spb!$A$1:$A$100 = table_summary!$B16) * (results_spb!$C$1:$C$100 = table_summary!S$1), 0), MATCH(table_summary!S$2, results_spb!$1:$1, 0)) = 0, "...", INDEX(results_spb!$A$1:$Y$100, MATCH(1, (results_spb!$A$1:$A$100 = table_summary!$B16) * (results_spb!$C$1:$C$100 = table_summary!S$1), 0), MATCH(table_summary!S$2, results_spb!$1:$1, 0)))} -> 0.781 | T16: {=IF(INDEX(results_spb!$A$1:$Y$100, MATCH(1, (results_spb!$A$1:$A$100 = table_summary!$B16) * (results_spb!$C$1:$C$100 = table_summary!T$1), 0), MATCH(table_summary!T$2, results_spb!$1:$1, 0)) = 0, "...", INDEX(results_spb!$A$1:$Y$100, MATCH(1, (results_spb!$A$1:$A$100 = table_summary!$B16) * (results_spb!$C$1:$C$100 = table_summary!T$1), 0), MATCH(table_summary!T$2, results_spb!$1:$1, 0)))} -> 0.713 | V16: =(S16-$E16)/4 -> 0.4769 | W16: =(T16-$E16)/7 -> 0.2628
A17: HUN | B17: =INDEX(Table1[#All], MATCH($A17, ameco_2024_data!$A:$A, 0), MATCH(B$2, ameco_2024_data!$1:$1, 0)) -> Hungary | C17: =INDEX(Table1[#All], MATCH($A17, ameco_2024_data!$A:$A, 0), MATCH(C$2, ameco_2024_data!$1:$1, 0)) -> 74.288 | D17: =INDEX(Table1[#All], MATCH($A17, ameco_2024_data!$A:$A, 0), MATCH(D$2, ameco_2024_data!$1:$1, 0)) -> -5.4353331 | E17: =INDEX(Table1[#All], MATCH($A17, ameco_2024_data!$A:$A, 0), MATCH(E$2, ameco_2024_data!$1:$1, 0)) -> 0.0349 | G17: {=IF(INDEX(results_spb!$A$1:$Y$100, MATCH(1, (results_spb!$A$1:$A$100 = table_summary!$B17) * (results_spb!$C$1:$C$100 = table_summary!G$1), 0), MATCH(table_summary!G$2, results_spb!$1:$1, 0)) = 0, "...", INDEX(results_spb!$A$1:$Y$100, MATCH(1, (results_spb!$A$1:$A$100 = table_summary!$B17) * (results_spb!$C$1:$C$100 = table_summary!G$1), 0), MATCH(table_summary!G$2, results_spb!$1:$1, 0)))} -> 3.049 | H17: {=IF(INDEX(results_spb!$A$1:$Y$100, MATCH(1, (results_spb!$A$1:$A$100 = table_summary!$B17) * (results_spb!$C$1:$C$100 = table_summary!H$1), 0), MATCH(table_summary!H$2, results_spb!$1:$1, 0)) = 0, "...", INDEX(results_spb!$A$1:$Y$100, MATCH(1, (results_spb!$A$1:$A$100 = table_summary!$B17) * (results_spb!$C$1:$C$100 = table_summary!H$1), 0), MATCH(table_summary!H$2, results_spb!$1:$1, 0)))} -> 3.313 | J17: {=IF(INDEX(results_spb!$A$1:$Y$100, MATCH(1, (results_spb!$A$1:$A$100 = table_summary!$B17) * (results_spb!$C$1:$C$100 = table_summary!J$1), 0), MATCH(table_summary!J$2, results_spb!$1:$1, 0)) = 0, "...", INDEX(results_spb!$A$1:$Y$100, MATCH(1, (results_spb!$A$1:$A$100 = table_summary!$B17) * (results_spb!$C$1:$C$100 = table_summary!J$1), 0), MATCH(table_summary!J$2, results_spb!$1:$1, 0)))} -> 2.316 | K17: {=IF(INDEX(results_spb!$A$1:$Y$100, MATCH(1, (results_spb!$A$1:$A$100 = table_summary!$B17) * (results_spb!$C$1:$C$100 = table_summary!K$1), 0), MATCH(table_summary!K$2, results_spb!$1:$1, 0)) = 0, "...", INDEX(results_spb!$A$1:$Y$100, MATCH(1, (results_spb!$A$1:$A$100 = table_summary!$B17) * (results_spb!$C$1:$C$100 = table_summary!K$1), 0), MATCH(table_summary!K$2, results_spb!$1:$1, 0)))} -> 2.762 | M17: {=IF(INDEX(results_spb!$A$1:$Y$100, MATCH(1, (results_spb!$A$1:$A$100 = table_summary!$B17) * (results_spb!$C$1:$C$100 = table_summary!M$1), 0), MATCH(table_summary!M$2, results_spb!$1:$1, 0)) = 0, "...", INDEX(results_spb!$A$1:$Y$100, MATCH(1, (results_spb!$A$1:$A$100 = table_summary!$B17) * (results_spb!$C$1:$C$100 = table_summary!M$1), 0), MATCH(table_summary!M$2, results_spb!$1:$1, 0)))} -> ... | N17: {=IF(INDEX(results_spb!$A$1:$Y$100, MATCH(1, (results_spb!$A$1:$A$100 = table_summary!$B17) * (results_spb!$C$1:$C$100 = table_summary!N$1), 0), MATCH(table_summary!N$2, results_spb!$1:$1, 0)) = 0, "...", INDEX(results_spb!$A$1:$Y$100, MATCH(1, (results_spb!$A$1:$A$100 = table_summary!$B17) * (results_spb!$C$1:$C$100 = table_summary!N$1), 0), MATCH(table_summary!N$2, results_spb!$1:$1, 0)))} -> ... | P17: {=IF(INDEX(results_spb!$A$1:$Y$100, MATCH(1, (results_spb!$A$1:$A$100 = table_summary!$B17) * (results_spb!$C$1:$C$100 = table_summary!P$1), 0), MATCH(table_summary!P$2, results_spb!$1:$1, 0)) = 0, "...", INDEX(results_spb!$A$1:$Y$100, MATCH(1, (results_spb!$A$1:$A$100 = table_summary!$B17) * (results_spb!$C$1:$C$100 = table_summary!P$1), 0), MATCH(table_summary!P$2, results_spb!$1:$1, 0)))} -> ... | Q17: {=IF(INDEX(results_spb!$A$1:$Y$100, MATCH(1, (results_spb!$A$1:$A$100 = table_summary!$B17) * (results_spb!$C$1:$C$100 = table_summary!Q$1), 0), MATCH(table_summary!Q$2, results_spb!$1:$1, 0)) = 0, "...", INDEX(results_spb!$A$1:$Y$100, MATCH(1, (results_spb!$A$1:$A$100 = table_summary!$B17) * (results_spb!$C$1:$C$100 = table_summary!Q$1), 0), MATCH(table_summary!Q$2, results_spb!$1:$1, 0)))} -> ... | S17: {=IF(INDEX(results_spb!$A$1:$Y$100, MATCH(1, (results_spb!$A$1:$A$100 = table_summary!$B17) * (results_spb!$C$1:$C$100 = table_summary!S$1), 0), MATCH(table_summary!S$2, results_spb!$1:$1, 0)) = 0, "...", INDEX(results_spb!$A$1:$Y$100, MATCH(1, (results_spb!$A$1:$A$100 = table_summary!$B17) * (results_spb!$C$1:$C$100 = table_summary!S$1), 0), MATCH(table_summary!S$2, results_spb!$1:$1, 0)))} -> 3.049 | T17: {=IF(INDEX(results_spb!$A$1:$Y$100, MATCH(1, (results_spb!$A$1:$A$100 = table_summary!$B17) * (results_spb!$C$1:$C$100 = table_summary!T$1), 0), MATCH(table_summary!T$2, results_spb!$1:$1, 0)) = 0, "...", INDEX(results_spb!$A$1:$Y$100, MATCH(1, (results_spb!$A$1:$A$100 = table_summary!$B17) * (results_spb!$C$1:$C$100 = table_summary!T$1), 0), MATCH(table_summary!T$2, results_spb!$1:$1, 0)))} -> 3.309 | V17: =(S17-$E17)/4 -> 0.753525 | W17: =(T17-$E17)/7 -> 0.46772857
A18: CYP | B18: =INDEX(Table1[#All], MATCH($A18, ameco_2024_data!$A:$A, 0), MATCH(B$2, ameco_2024_data!$1:$1, 0)) -> Cyprus | C18: =INDEX(Table1[#All], MATCH($A18, ameco_2024_data!$A:$A, 0), MATCH(C$2, ameco_2024_data!$1:$1, 0)) -> 70.5799 | D18: =INDEX(Table1[#All], MATCH($A18, ameco_2024_data!$A:$A, 0), MATCH(D$2, ameco_2024_data!$1:$1, 0)) -> 2.9141295 | E18: =INDEX(Table1[#All], MATCH($A18, ameco_2024_data!$A:$A, 0), MATCH(E$2, ameco_2024_data!$1:$1, 0)) -> 3.4824 | G18: {=IF(INDEX(results_spb!$A$1:$Y$100, MATCH(1, (results_spb!$A$1:$A$100 = table_summary!$B18) * (results_spb!$C$1:$C$100 = table_summary!G$1), 0), MATCH(table_summary!G$2, results_spb!$1:$1, 0)) = 0, "...", INDEX(results_spb!$A$1:$Y$100, MATCH(1, (results_spb!$A$1:$A$100 = table_summary!$B18) * (results_spb!$C$1:$C$100 = table_summary!G$1), 0), MATCH(table_summary!G$2, results_spb!$1:$1, 0)))} -> 0.354 | H18: {=IF(INDEX(results_spb!$A$1:$Y$100, MATCH(1, (results_spb!$A$1:$A$100 = table_summary!$B18) * (results_spb!$C$1:$C$100 = table_summary!H$1), 0), MATCH(table_summary!H$2, results_spb!$1:$1, 0)) = 0, "...", INDEX(results_spb!$A$1:$Y$100, MATCH(1, (results_spb!$A$1:$A$100 = table_summary!$B18) * (results_spb!$C$1:$C$100 = table_summary!H$1), 0), MATCH(table_summary!H$2, results_spb!$1:$1, 0)))} -> -0.158 | J18: {=IF(INDEX(results_spb!$A$1:$Y$100, MATCH(1, (results_spb!$A$1:$A$100 = table_summary!$B18) * (results_spb!$C$1:$C$100 = table_summary!J$1), 0), MATCH(table_summary!J$2, results_spb!$1:$1, 0)) = 0, "...", INDEX(results_spb!$A$1:$Y$100, MATCH(1, (results_spb!$A$1:$A$100 = table_summary!$B18) * (results_spb!$C$1:$C$100 = table_summary!J$1), 0), MATCH(table_summary!J$2, results_spb!$1:$1, 0)))} -> 0.701 | K18: {=IF(INDEX(results_spb!$A$1:$Y$100, MATCH(1, (results_spb!$A$1:$A$100 = table_summary!$B18) * (results_spb!$C$1:$C$100 = table_summary!K$1), 0), MATCH(table_summary!K$2, results_spb!$1:$1, 0)) = 0, "...", INDEX(results_spb!$A$1:$Y$100, MATCH(1, (results_spb!$A$1:$A$100 = table_summary!$B18) * (results_spb!$C$1:$C$100 = table_summary!K$1), 0), MATCH(table_summary!K$2, results_spb!$1:$1, 0)))} -> 0.292 | M18: {=IF(INDEX(results_spb!$A$1:$Y$100, MATCH(1, (results_spb!$A$1:$A$100 = table_summary!$B18) * (results_spb!$C$1:$C$100 = table_summary!M$1), 0), MATCH(table_summary!M$2, results_spb!$1:$1, 0)) = 0, "...", INDEX(results_spb!$A$1:$Y$100, MATCH(1, (results_spb!$A$1:$A$100 = table_summary!$B18) * (results_spb!$C$1:$C$100 = table_summary!M$1), 0), MATCH(table_summary!M$2, results_spb!$1:$1, 0)))} -> ... | N18: {=IF(INDEX(results_spb!$A$1:$Y$100, MATCH(1, (results_spb!$A$1:$A$100 = table_summary!$B18) * (results_spb!$C$1:$C$100 = table_summary!N$1), 0), MATCH(table_summary!N$2, results_spb!$1:$1, 0)) = 0, "...", INDEX(results_spb!$A$1:$Y$100, MATCH(1, (results_spb!$A$1:$A$100 = table_summary!$B18) * (results_spb!$C$1:$C$100 = table_summary!N$1), 0), MATCH(table_summary!N$2, results_spb!$1:$1, 0)))} -> ... | P18: {=IF(INDEX(results_spb!$A$1:$Y$100, MATCH(1, (results_spb!$A$1:$A$100 = table_summary!$B18) * (results_spb!$C$1:$C$100 = table_summary!P$1), 0), MATCH(table_summary!P$2, results_spb!$1:$1, 0)) = 0, "...", INDEX(results_spb!$A$1:$Y$100, MATCH(1, (results_spb!$A$1:$A$100 = table_summary!$B18) * (results_spb!$C$1:$C$100 = table_summary!P$1), 0), MATCH(table_summary!P$2, results_spb!$1:$1, 0)))} -> ... | Q18: {=IF(INDEX(results_spb!$A$1:$Y$100, MATCH(1, (results_spb!$A$1:$A$100 = table_summary!$B18) * (results_spb!$C$1:$C$100 = table_summary!Q$1), 0), MATCH(table_summary!Q$2, results_spb!$1:$1, 0)) = 0, "...", INDEX(results_spb!$A$1:$Y$100, MATCH(1, (results_spb!$A$1:$A$100 = table_summary!$B18) * (results_spb!$C$1:$C$100 = table_summary!Q$1), 0), MATCH(table_summary!Q$2, results_spb!$1:$1, 0)))} -> ... | S18: {=IF(INDEX(results_spb!$A$1:$Y$100, MATCH(1, (results_spb!$A$1:$A$100 = table_summary!$B18) * (results_spb!$C$1:$C$100 = table_summary!S$1), 0), MATCH(table_summary!S$2, results_spb!$1:$1, 0)) = 0, "...", INDEX(results_spb!$A$1:$Y$100, MATCH(1, (results_spb!$A$1:$A$100 = table_summary!$B18) * (results_spb!$C$1:$C$100 = table_summary!S$1), 0), MATCH(table_summary!S$2, results_spb!$1:$1, 0)))} -> 0.701 | T18: {=IF(INDEX(results_spb!$A$1:$Y$100, MATCH(1, (results_spb!$A$1:$A$100 = table_summary!$B18) * (results_spb!$C$1:$C$100 = table_summary!T$1), 0), MATCH(table_summary!T$2, results_spb!$1:$1, 0)) = 0, "...", INDEX(results_spb!$A$1:$Y$100, MATCH(1, (results_spb!$A$1:$A$100 = table_summary!$B18) * (results_spb!$C$1:$C$100 = table_summary!T$1), 0), MATCH(table_summary!T$2, results_spb!$1:$1, 0)))} -> 0.292 | V18: =(S18-$E18)/4 -> -0.69535 | W18: =(T18-$E18)/7 -> -0.45577143
A19: SVN | B19: =INDEX(Table1[#All], MATCH($A19, ameco_2024_data!$A:$A, 0), MATCH(B$2, ameco_2024_data!$1:$1, 0)) -> Slovenia | C19: =INDEX(Table1[#All], MATCH($A19, ameco_2024_data!$A:$A, 0), MATCH(C$2, ameco_2024_data!$1:$1, 0)) -> 68.0735 | D19: =INDEX(Table1[#All], MATCH($A19, ameco_2024_data!$A:$A, 0), MATCH(D$2, ameco_2024_data!$1:$1, 0)) -> -2.8026969 | E19: =INDEX(Table1[#All], MATCH($A19, ameco_2024_data!$A:$A, 0), MATCH(E$2, ameco_2024_data!$1:$1, 0)) -> -1.2447 | G19: {=IF(INDEX(results_spb!$A$1:$Y$100, MATCH(1, (results_spb!$A$1:$A$100 = table_summary!$B19) * (results_spb!$C$1:$C$100 = table_summary!G$1), 0), MATCH(table_summary!G$2, results_spb!$1:$1, 0)) = 0, "...", INDEX(results_spb!$A$1:$Y$100, MATCH(1, (results_spb!$A$1:$A$100 = table_summary!$B19) * (results_spb!$C$1:$C$100 = table_summary!G$1), 0), MATCH(table_summary!G$2, results_spb!$1:$1, 0)))} -> 0.515 | H19: {=IF(INDEX(results_spb!$A$1:$Y$100, MATCH(1, (results_spb!$A$1:$A$100 = table_summary!$B19) * (results_spb!$C$1:$C$100 = table_summary!H$1), 0), MATCH(table_summary!H$2, results_spb!$1:$1, 0)) = 0, "...", INDEX(results_spb!$A$1:$Y$100, MATCH(1, (results_spb!$A$1:$A$100 = table_summary!$B19) * (results_spb!$C$1:$C$100 = table_summary!H$1), 0), MATCH(table_summary!H$2, results_spb!$1:$1, 0)))} -> 0.51 | J19: {=IF(INDEX(results_spb!$A$1:$Y$100, MATCH(1, (results_spb!$A$1:$A$100 = table_summary!$B19) * (results_spb!$C$1:$C$100 = table_summary!J$1), 0), MATCH(table_summary!J$2, results_spb!$1:$1, 0)) = 0, "...", INDEX(results_spb!$A$1:$Y$100, MATCH(1, (results_spb!$A$1:$A$100 = table_summary!$B19) * (results_spb!$C$1:$C$100 = table_summary!J$1), 0), MATCH(table_summary!J$2, results_spb!$1:$1, 0)))} -> 0.372 | K19: {=IF(INDEX(results_spb!$A$1:$Y$100, MATCH(1, (results_spb!$A$1:$A$100 = table_summary!$B19) * (results_spb!$C$1:$C$100 = table_summary!K$1), 0), MATCH(table_summary!K$2, results_spb!$1:$1, 0)) = 0, "...", INDEX(results_spb!$A$1:$Y$100, MATCH(1, (results_spb!$A$1:$A$100 = table_summary!$B19) * (results_spb!$C$1:$C$100 = table_summary!K$1), 0), MATCH(table_summary!K$2, results_spb!$1:$1, 0)))} -> 0.43 | M19: {=IF(INDEX(results_spb!$A$1:$Y$100, MATCH(1, (results_spb!$A$1:$A$100 = table_summary!$B19) * (results_spb!$C$1:$C$100 = table_summary!M$1), 0), MATCH(table_summary!M$2, results_spb!$1:$1, 0)) = 0, "...", INDEX(results_spb!$A$1:$Y$100, MATCH(1, (results_spb!$A$1:$A$100 = table_summary!$B19) * (results_spb!$C$1:$C$100 = table_summary!M$1), 0), MATCH(table_summary!M$2, results_spb!$1:$1, 0)))} -> ... | N19: {=IF(INDEX(results_spb!$A$1:$Y$100, MATCH(1, (results_spb!$A$1:$A$100 = table_summary!$B19) * (results_spb!$C$1:$C$100 = table_summary!N$1), 0), MATCH(table_summary!N$2, results_spb!$1:$1, 0)) = 0, "...", INDEX(results_spb!$A$1:$Y$100, MATCH(1, (results_spb!$A$1:$A$100 = table_summary!$B19) * (results_spb!$C$1:$C$100 = table_summary!N$1), 0), MATCH(table_summary!N$2, results_spb!$1:$1, 0)))} -> ... | P19: {=IF(INDEX(results_spb!$A$1:$Y$100, MATCH(1, (results_spb!$A$1:$A$100 = table_summary!$B19) * (results_spb!$C$1:$C$100 = table_summary!P$1), 0), MATCH(table_summary!P$2, results_spb!$1:$1, 0)) = 0, "...", INDEX(results_spb!$A$1:$Y$100, MATCH(1, (results_spb!$A$1:$A$100 = table_summary!$B19) * (results_spb!$C$1:$C$100 = table_summary!P$1), 0), MATCH(table_summary!P$2, results_spb!$1:$1, 0)))} -> ... | Q19: {=IF(INDEX(results_spb!$A$1:$Y$100, MATCH(1, (results_spb!$A$1:$A$100 = table_summary!$B19) * (results_spb!$C$1:$C$100 = table_summary!Q$1), 0), MATCH(table_summary!Q$2, results_spb!$1:$1, 0)) = 0, "...", INDEX(results_spb!$A$1:$Y$100, MATCH(1, (results_spb!$A$1:$A$100 = table_summary!$B19) * (results_spb!$C$1:$C$100 = table_summary!Q$1), 0), MATCH(table_summary!Q$2, results_spb!$1:$1, 0)))} -> ... | S19: {=IF(INDEX(results_spb!$A$1:$Y$100, MATCH(1, (results_spb!$A$1:$A$100 = table_summary!$B19) * (results_spb!$C$1:$C$100 = table_summary!S$1), 0), MATCH(table_summary!S$2, results_spb!$1:$1, 0)) = 0, "...", INDEX(results_spb!$A$1:$Y$100, MATCH(1, (results_spb!$A$1:$A$100 = table_summary!$B19) * (results_spb!$C$1:$C$100 = table_summary!S$1), 0), MATCH(table_summary!S$2, results_spb!$1:$1, 0)))} -> 0.515 | T19: {=IF(INDEX(results_spb!$A$1:$Y$100, MATCH(1, (results_spb!$A$1:$A$100 = table_summary!$B19) * (results_spb!$C$1:$C$100 = table_summary!T$1), 0), MATCH(table_summary!T$2, results_spb!$1:$1, 0)) = 0, "...", INDEX(results_spb!$A$1:$Y$100, MATCH(1, (results_spb!$A$1:$A$100 = table_summary!$B19) * (results_spb!$C$1:$C$100 = table_summary!T$1), 0), MATCH(table_summary!T$2, results_spb!$1:$1, 0)))} -> 0.51 | V19: =(S19-$E19)/4 -> 0.439925 | W19: =(T19-$E19)/7 -> 0.25067143
A20: DEU | B20: =INDEX(Table1[#All], MATCH($A20, ameco_2024_data!$A:$A, 0), MATCH(B$2, ameco_2024_data!$1:$1, 0)) -> Germany | C20: =INDEX(Table1[#All], MATCH($A20, ameco_2024_data!$A:$A, 0), MATCH(C$2, ameco_2024_data!$1:$1, 0)) -> 62.9344 | D20: =INDEX(Table1[#All], MATCH($A20, ameco_2024_data!$A:$A, 0), MATCH(D$2, ameco_2024_data!$1:$1, 0)) -> -1.5621991 | E20: =INDEX(Table1[#All], MATCH($A20, ameco_2024_data!$A:$A, 0), MATCH(E$2, ameco_2024_data!$1:$1, 0)) -> -0.0219 | G20: {=IF(INDEX(results_spb!$A$1:$Y$100, MATCH(1, (results_spb!$A$1:$A$100 = table_summary!$B20) * (results_spb!$C$1:$C$100 = table_summary!G$1), 0), MATCH(table_summary!G$2, results_spb!$1:$1, 0)) = 0, "...", INDEX(results_spb!$A$1:$Y$100, MATCH(1, (results_spb!$A$1:$A$100 = table_summary!$B20) * (results_spb!$C$1:$C$100 = table_summary!G$1), 0), MATCH(table_summary!G$2, results_spb!$1:$1, 0)))} -> 0.417 | H20: {=IF(INDEX(results_spb!$A$1:$Y$100, MATCH(1, (results_spb!$A$1:$A$100 = table_summary!$B20) * (results_spb!$C$1:$C$100 = table_summary!H$1), 0), MATCH(table_summary!H$2, results_spb!$1:$1, 0)) = 0, "...", INDEX(results_spb!$A$1:$Y$100, MATCH(1, (results_spb!$A$1:$A$100 = table_summary!$B20) * (results_spb!$C$1:$C$100 = table_summary!H$1), 0), MATCH(table_summary!H$2, results_spb!$1:$1, 0)))} -> 0.149 | J20: {=IF(INDEX(results_spb!$A$1:$Y$100, MATCH(1, (results_spb!$A$1:$A$100 = table_summary!$B20) * (results_spb!$C$1:$C$100 = table_summary!J$1), 0), MATCH(table_summary!J$2, results_spb!$1:$1, 0)) = 0, "...", INDEX(results_spb!$A$1:$Y$100, MATCH(1, (results_spb!$A$1:$A$100 = table_summary!$B20) * (results_spb!$C$1:$C$100 = table_summary!J$1), 0), MATCH(table_summary!J$2, results_spb!$1:$1, 0)))} -> -0.488 | K20: {=IF(INDEX(results_spb!$A$1:$Y$100, MATCH(1, (results_spb!$A$1:$A$100 = table_summary!$B20) * (results_spb!$C$1:$C$100 = table_summary!K$1), 0), MATCH(table_summary!K$2, results_spb!$1:$1, 0)) = 0, "...", INDEX(results_spb!$A$1:$Y$100, MATCH(1, (results_spb!$A$1:$A$100 = table_summary!$B20) * (results_spb!$C$1:$C$100 = table_summary!K$1), 0), MATCH(table_summary!K$2, results_spb!$1:$1, 0)))} -> -0.7 | M20: {=IF(INDEX(results_spb!$A$1:$Y$100, MATCH(1, (results_spb!$A$1:$A$100 = table_summary!$B20) * (results_spb!$C$1:$C$100 = table_summary!M$1), 0), MATCH(table_summary!M$2, results_spb!$1:$1, 0)) = 0, "...", INDEX(results_spb!$A$1:$Y$100, MATCH(1, (results_spb!$A$1:$A$100 = table_summary!$B20) * (results_spb!$C$1:$C$100 = table_summary!M$1), 0), MATCH(table_summary!M$2, results_spb!$1:$1, 0)))} -> ... | N20: {=IF(INDEX(results_spb!$A$1:$Y$100, MATCH(1, (results_spb!$A$1:$A$100 = table_summary!$B20) * (results_spb!$C$1:$C$100 = table_summary!N$1), 0), MATCH(table_summary!N$2, results_spb!$1:$1, 0)) = 0, "...", INDEX(results_spb!$A$1:$Y$100, MATCH(1, (results_spb!$A$1:$A$100 = table_summary!$B20) * (results_spb!$C$1:$C$100 = table_summary!N$1), 0), MATCH(table_summary!N$2, results_spb!$1:$1, 0)))} -> ... | P20: {=IF(INDEX(results_spb!$A$1:$Y$100, MATCH(1, (results_spb!$A$1:$A$100 = table_summary!$B20) * (results_spb!$C$1:$C$100 = table_summary!P$1), 0), MATCH(table_summary!P$2, results_spb!$1:$1, 0)) = 0, "...", INDEX(results_spb!$A$1:$Y$100, MATCH(1, (results_spb!$A$1:$A$100 = table_summary!$B20) * (results_spb!$C$1:$C$100 = table_summary!P$1), 0), MATCH(table_summary!P$2, results_spb!$1:$1, 0)))} -> ... | Q20: {=IF(INDEX(results_spb!$A$1:$Y$100, MATCH(1, (results_spb!$A$1:$A$100 = table_summary!$B20) * (results_spb!$C$1:$C$100 = table_summary!Q$1), 0), MATCH(table_summary!Q$2, results_spb!$1:$1, 0)) = 0, "...", INDEX(results_spb!$A$1:$Y$100, MATCH(1, (results_spb!$A$1:$A$100 = table_summary!$B20) * (results_spb!$C$1:$C$100 = table_summary!Q$1), 0), MATCH(table_summary!Q$2, results_spb!$1:$1, 0)))} -> ... | S20: {=IF(INDEX(results_spb!$A$1:$Y$100, MATCH(1, (results_spb!$A$1:$A$100 = table_summary!$B20) * (results_spb!$C$1:$C$100 = table_summary!S$1), 0), MATCH(table_summary!S$2, results_spb!$1:$1, 0)) = 0, "...", INDEX(results_spb!$A$1:$Y$100, MATCH(1, (results_spb!$A$1:$A$100 = table_summary!$B20) * (results_spb!$C$1:$C$100 = table_summary!S$1), 0), MATCH(table_summary!S$2, results_spb!$1:$1, 0)))} -> 0.417 | T20: {=IF(INDEX(results_spb!$A$1:$Y$100, MATCH(1, (results_spb!$A$1:$A$100 = table_summary!$B20) * (results_spb!$C$1:$C$100 = table_summary!T$1), 0), MATCH(table_summary!T$2, results_spb!$1:$1, 0)) = 0, "...", INDEX(results_spb!$A$1:$Y$100, MATCH(1, (results_spb!$A$1:$A$100 = table_summary!$B20) * (results_spb!$C$1:$C$100 = table_summary!T$1), 0), MATCH(table_summary!T$2, results_spb!$1:$1, 0)))} -> 0.149 | V20: =(S20-$E20)/4 -> 0.109725 | W20: =(T20-$E20)/7 -> 0.024414286
A21: HRV | B21: =INDEX(Table1[#All], MATCH($A21, ameco_2024_data!$A:$A, 0), MATCH(B$2, ameco_2024_data!$1:$1, 0)) -> Croatia | C21: =INDEX(Table1[#All], MATCH($A21, ameco_2024_data!$A:$A, 0), MATCH(C$2, ameco_2024_data!$1:$1, 0)) -> 59.5252 | D21: =INDEX(Table1[#All], MATCH($A21, ameco_2024_data!$A:$A, 0), MATCH(D$2, ameco_2024_data!$1:$1, 0)) -> -2.6152508 | E21: =INDEX(Table1[#All], MATCH($A21, ameco_2024_data!$A:$A, 0), MATCH(E$2, ameco_2024_data!$1:$1, 0)) -> -1.9611 | G21: {=IF(INDEX(results_spb!$A$1:$Y$100, MATCH(1, (results_spb!$A$1:$A$100 = table_summary!$B21) * (results_spb!$C$1:$C$100 = table_summary!G$1), 0), MATCH(table_summary!G$2, results_spb!$1:$1, 0)) = 0, "...", INDEX(results_spb!$A$1:$Y$100, MATCH(1, (results_spb!$A$1:$A$100 = table_summary!$B21) * (results_spb!$C$1:$C$100 = table_summary!G$1), 0), MATCH(table_summary!G$2, results_spb!$1:$1, 0)))} -> 0.346 | H21: {=IF(INDEX(results_spb!$A$1:$Y$100, MATCH(1, (results_spb!$A$1:$A$100 = table_summary!$B21) * (results_spb!$C$1:$C$100 = table_summary!H$1), 0), MATCH(table_summary!H$2, results_spb!$1:$1, 0)) = 0, "...", INDEX(results_spb!$A$1:$Y$100, MATCH(1, (results_spb!$A$1:$A$100 = table_summary!$B21) * (results_spb!$C$1:$C$100 = table_summary!H$1), 0), MATCH(table_summary!H$2, results_spb!$1:$1, 0)))} -> 0.548 | J21: {=IF(INDEX(results_spb!$A$1:$Y$100, MATCH(1, (results_spb!$A$1:$A$100 = table_summary!$B21) * (results_spb!$C$1:$C$100 = table_summary!J$1), 0), MATCH(table_summary!J$2, results_spb!$1:$1, 0)) = 0, "...", INDEX(results_spb!$A$1:$Y$100, MATCH(1, (results_spb!$A$1:$A$100 = table_summary!$B21) * (results_spb!$C$1:$C$100 = table_summary!J$1), 0), MATCH(table_summary!J$2, results_spb!$1:$1, 0)))} -> -1.019 | K21: {=IF(INDEX(results_spb!$A$1:$Y$100, MATCH(1, (results_spb!$A$1:$A$100 = table_summary!$B21) * (results_spb!$C$1:$C$100 = table_summary!K$1), 0), MATCH(table_summary!K$2, results_spb!$1:$1, 0)) = 0, "...", INDEX(results_spb!$A$1:$Y$100, MATCH(1, (results_spb!$A$1:$A$100 = table_summary!$B21) * (results_spb!$C$1:$C$100 = table_summary!K$1), 0), MATCH(table_summary!K$2, results_spb!$1:$1, 0)))} -> -0.932 | M21: {=IF(INDEX(results_spb!$A$1:$Y$100, MATCH(1, (results_spb!$A$1:$A$100 = table_summary!$B21) * (results_spb!$C$1:$C$100 = table_summary!M$1), 0), MATCH(table_summary!M$2, results_spb!$1:$1, 0)) = 0, "...", INDEX(results_spb!$A$1:$Y$100, MATCH(1, (results_spb!$A$1:$A$100 = table_summary!$B21) * (results_spb!$C$1:$C$100 = table_summary!M$1), 0), MATCH(table_summary!M$2, results_spb!$1:$1, 0)))} -> ... | N21: {=IF(INDEX(results_spb!$A$1:$Y$100, MATCH(1, (results_spb!$A$1:$A$100 = table_summary!$B21) * (results_spb!$C$1:$C$100 = table_summary!N$1), 0), MATCH(table_summary!N$2, results_spb!$1:$1, 0)) = 0, "...", INDEX(results_spb!$A$1:$Y$100, MATCH(1, (results_spb!$A$1:$A$100 = table_summary!$B21) * (results_spb!$C$1:$C$100 = table_summary!N$1), 0), MATCH(table_summary!N$2, results_spb!$1:$1, 0)))} -> ... | P21: {=IF(INDEX(results_spb!$A$1:$Y$100, MATCH(1, (results_spb!$A$1:$A$100 = table_summary!$B21) * (results_spb!$C$1:$C$100 = table_summary!P$1), 0), MATCH(table_summary!P$2, results_spb!$1:$1, 0)) = 0, "...", INDEX(results_spb!$A$1:$Y$100, MATCH(1, (results_spb!$A$1:$A$100 = table_summary!$B21) * (results_spb!$C$1:$C$100 = table_summary!P$1), 0), MATCH(table_summary!P$2, results_spb!$1:$1, 0)))} -> ... | Q21: {=IF(INDEX(results_spb!$A$1:$Y$100, MATCH(1, (results_spb!$A$1:$A$100 = table_summary!$B21) * (results_spb!$C$1:$C$100 = table_summary!Q$1), 0), MATCH(table_summary!Q$2, results_spb!$1:$1, 0)) = 0, "...", INDEX(results_spb!$A$1:$Y$100, MATCH(1, (results_spb!$A$1:$A$100 = table_summary!$B21) * (results_spb!$C$1:$C$100 = table_summary!Q$1), 0), MATCH(table_summary!Q$2, results_spb!$1:$1, 0)))} -> ... | S21: {=IF(INDEX(results_spb!$A$1:$Y$100, MATCH(1, (results_spb!$A$1:$A$100 = table_summary!$B21) * (results_spb!$C$1:$C$100 = table_summary!S$1), 0), MATCH(table_summary!S$2, results_spb!$1:$1, 0)) = 0, "...", INDEX(results_spb!$A$1:$Y$100, MATCH(1, (results_spb!$A$1:$A$100 = table_summary!$B21) * (results_spb!$C$1:$C$100 = table_summary!S$1), 0), MATCH(table_summary!S$2, results_spb!$1:$1, 0)))} -> 0.346 | T21: {=IF(INDEX(results_spb!$A$1:$Y$100, MATCH(1, (results_spb!$A$1:$A$100 = table_summary!$B21) * (results_spb!$C$1:$C$100 = table_summary!T$1), 0), MATCH(table_summary!T$2, results_spb!$1:$1, 0)) = 0, "...", INDEX(results_spb!$A$1:$Y$100, MATCH(1, (results_spb!$A$1:$A$100 = table_summary!$B21) * (results_spb!$C$1:$C$100 = table_summary!T$1), 0), MATCH(table_summary!T$2, results_spb!$1:$1, 0)))} -> 0.548 | V21: =(S21-$E21)/4 -> 0.576775 | W21: =(T21-$E21)/7 -> 0.35844286
A22: SVK | B22: =INDEX(Table1[#All], MATCH($A22, ameco_2024_data!$A:$A, 0), MATCH(B$2, ameco_2024_data!$1:$1, 0)) -> Slovakia | C22: =INDEX(Table1[#All], MATCH($A22, ameco_2024_data!$A:$A, 0), MATCH(C$2, ameco_2024_data!$1:$1, 0)) -> 58.4789 | D22: =INDEX(Table1[#All], MATCH($A22, ameco_2024_data!$A:$A, 0), MATCH(D$2, ameco_2024_data!$1:$1, 0)) -> -5.8555194 | E22: =INDEX(Table1[#All], MATCH($A22, ameco_2024_data!$A:$A, 0), MATCH(E$2, ameco_2024_data!$1:$1, 0)) -> -4.2629 | G22: {=IF(INDEX(results_spb!$A$1:$Y$100, MATCH(1, (results_spb!$A$1:$A$100 = table_summary!$B22) * (results_spb!$C$1:$C$100 = table_summary!G$1), 0), MATCH(table_summary!G$2, results_spb!$1:$1, 0)) = 0, "...", INDEX(results_spb!$A$1:$Y$100, MATCH(1, (results_spb!$A$1:$A$100 = table_summary!$B22) * (results_spb!$C$1:$C$100 = table_summary!G$1), 0), MATCH(table_summary!G$2, results_spb!$1:$1, 0)))} -> 0.834 | H22: {=IF(INDEX(results_spb!$A$1:$Y$100, MATCH(1, (results_spb!$A$1:$A$100 = table_summary!$B22) * (results_spb!$C$1:$C$100 = table_summary!H$1), 0), MATCH(table_summary!H$2, results_spb!$1:$1, 0)) = 0, "...", INDEX(results_spb!$A$1:$Y$100, MATCH(1, (results_spb!$A$1:$A$100 = table_summary!$B22) * (results_spb!$C$1:$C$100 = table_summary!H$1), 0), MATCH(table_summary!H$2, results_spb!$1:$1, 0)))} -> 1.144 | J22: {=IF(INDEX(results_spb!$A$1:$Y$100, MATCH(1, (results_spb!$A$1:$A$100 = table_summary!$B22) * (results_spb!$C$1:$C$100 = table_summary!J$1), 0), MATCH(table_summary!J$2, results_spb!$1:$1, 0)) = 0, "...", INDEX(results_spb!$A$1:$Y$100, MATCH(1, (results_spb!$A$1:$A$100 = table_summary!$B22) * (results_spb!$C$1:$C$100 = table_summary!J$1), 0), MATCH(table_summary!J$2, results_spb!$1:$1, 0)))} -> 0.427 | K22: {=IF(INDEX(results_spb!$A$1:$Y$100, MATCH(1, (results_spb!$A$1:$A$100 = table_summary!$B22) * (results_spb!$C$1:$C$100 = table_summary!K$1), 0), MATCH(table_summary!K$2, results_spb!$1:$1, 0)) = 0, "...", INDEX(results_spb!$A$1:$Y$100, MATCH(1, (results_spb!$A$1:$A$100 = table_summary!$B22) * (results_spb!$C$1:$C$100 = table_summary!K$1), 0), MATCH(table_summary!K$2, results_spb!$1:$1, 0)))} -> 0.565 | M22: {=IF(INDEX(results_spb!$A$1:$Y$100, MATCH(1, (results_spb!$A$1:$A$100 = table_summary!$B22) * (results_spb!$C$1:$C$100 = table_summary!M$1), 0), MATCH(table_summary!M$2, results_spb!$1:$1, 0)) = 0, "...", INDEX(results_spb!$A$1:$Y$100, MATCH(1, (results_spb!$A$1:$A$100 = table_summary!$B22) * (results_spb!$C$1:$C$100 = table_summary!M$1), 0), MATCH(table_summary!M$2, results_spb!$1:$1, 0)))} -> ... | N22: {=IF(INDEX(results_spb!$A$1:$Y$100, MATCH(1, (results_spb!$A$1:$A$100 = table_summary!$B22) * (results_spb!$C$1:$C$100 = table_summary!N$1), 0), MATCH(table_summary!N$2, results_spb!$1:$1, 0)) = 0, "...", INDEX(results_spb!$A$1:$Y$100, MATCH(1, (results_spb!$A$1:$A$100 = table_summary!$B22) * (results_spb!$C$1:$C$100 = table_summary!N$1), 0), MATCH(table_summary!N$2, results_spb!$1:$1, 0)))} -> ... | P22: {=IF(INDEX(results_spb!$A$1:$Y$100, MATCH(1, (results_spb!$A$1:$A$100 = table_summary!$B22) * (results_spb!$C$1:$C$100 = table_summary!P$1), 0), MATCH(table_summary!P$2, results_spb!$1:$1, 0)) = 0, "...", INDEX(results_spb!$A$1:$Y$100, MATCH(1, (results_spb!$A$1:$A$100 = table_summary!$B22) * (results_spb!$C$1:$C$100 = table_summary!P$1), 0), MATCH(table_summary!P$2, results_spb!$1:$1, 0)))} -> ... | Q22: {=IF(INDEX(results_spb!$A$1:$Y$100, MATCH(1, (results_spb!$A$1:$A$100 = table_summary!$B22) * (results_spb!$C$1:$C$100 = table_summary!Q$1), 0), MATCH(table_summary!Q$2, results_spb!$1:$1, 0)) = 0, "...", INDEX(results_spb!$A$1:$Y$100, MATCH(1, (results_spb!$A$1:$A$100 = table_summary!$B22) * (results_spb!$C$1:$C$100 = table_summary!Q$1), 0), MATCH(table_summary!Q$2, results_spb!$1:$1, 0)))} -> ... | S22: {=IF(INDEX(results_spb!$A$1:$Y$100, MATCH(1, (results_spb!$A$1:$A$100 = table_summary!$B22) * (results_spb!$C$1:$C$100 = table_summary!S$1), 0), MATCH(table_summary!S$2, results_spb!$1:$1, 0)) = 0, "...", INDEX(results_spb!$A$1:$Y$100, MATCH(1, (results_spb!$A$1:$A$100 = table_summary!$B22) * (results_spb!$C$1:$C$100 = table_summary!S$1), 0), MATCH(table_summary!S$2, results_spb!$1:$1, 0)))} -> 0.834 | T22: {=IF(INDEX(results_spb!$A$1:$Y$100, MATCH(1, (results_spb!$A$1:$A$100 = table_summary!$B22) * (results_spb!$C$1:$C$100 = table_summary!T$1), 0), MATCH(table_summary!T$2, results_spb!$1:$1, 0)) = 0, "...", INDEX(results_spb!$A$1:$Y$100, MATCH(1, (results_spb!$A$1:$A$100 = table_summary!$B22) * (results_spb!$C$1:$C$100 = table_summary!T$1), 0), MATCH(table_summary!T$2, results_spb!$1:$1, 0)))} -> 1.144 | V22: =(S22-$E22)/4 -> 1.274225 | W22: =(T22-$E22)/7 -> 0.77241429
