Workbook

Sheet Quarterly
B1: ECB Data Portal
B2: Downloaded on: 2025-08-12 16:16:59
B4: TITLE | D4: Current taxes payable by Non financial corporations | E4: Current taxes payable by Financial corporations | F4: Current taxes payable by households | G4: Current taxes payable by Non financial corporations | H4: Current taxes payable by Financial corporations | I4: Current taxes payable by households | J4: Current taxes payable by Non financial corporations | K4: Current taxes payable by Financial corporations | L4: Current taxes payable by households | M4: Current taxes payable by Non financial corporations | N4: Current taxes payable by Financial corporations | O4: Current taxes payable by households | P4: Current taxes payable by Non financial corporations | Q4: Current taxes payable by Financial corporations | R4: Current taxes payable by households | S4: Current taxes payable by Non financial corporations | T4: Current taxes payable by Financial corporations | U4: Current taxes payable by households
B5: SERIES KEY | D5: QSA.Q.N.AT.W0.S11.S1.N.D.D5._Z._Z._Z.XDC._T.S.V.N._T | E5: QSA.Q.N.AT.W0.S12.S1.N.D.D5._Z._Z._Z.XDC._T.S.V.N._T | F5: QSA.Q.N.AT.W0.S1M.S1.N.D.D5._Z._Z._Z.XDC._T.S.V.N._T | G5: QSA.Q.N.DE.W0.S11.S1.N.D.D5._Z._Z._Z.XDC._T.S.V.N._T | H5: QSA.Q.N.DE.W0.S12.S1.N.D.D5._Z._Z._Z.XDC._T.S.V.N._T | I5: QSA.Q.N.DE.W0.S1M.S1.N.D.D5._Z._Z._Z.XDC._T.S.V.N._T | J5: QSA.Q.N.FI.W0.S11.S1.N.D.D5._Z._Z._Z.XDC._T.S.V.N._T | K5: QSA.Q.N.FI.W0.S12.S1.N.D.D5._Z._Z._Z.XDC._T.S.V.N._T | L5: QSA.Q.N.FI.W0.S1M.S1.N.D.D5._Z._Z._Z.XDC._T.S.V.N._T | M5: QSA.Q.N.FR.W0.S11.S1.N.D.D5._Z._Z._Z.XDC._T.S.V.N._T | N5: QSA.Q.N.FR.W0.S12.S1.N.D.D5._Z._Z._Z.XDC._T.S.V.N._T | O5: QSA.Q.N.FR.W0.S1M.S1.N.D.D5._Z._Z._Z.XDC._T.S.V.N._T | P5: QSA.Q.N.IT.W0.S11.S1.N.D.D5._Z._Z._Z.XDC._T.S.V.N._T | Q5: QSA.Q.N.IT.W0.S12.S1.N.D.D5._Z._Z._Z.XDC._T.S.V.N._T | R5: QSA.Q.N.IT.W0.S1M.S1.N.D.D5._Z._Z._Z.XDC._T.S.V.N._T | S5: QSA.Q.N.NL.W0.S11.S1.N.D.D5._Z._Z._Z.XDC._T.S.V.N._T | T5: QSA.Q.N.NL.W0.S12.S1.N.D.D5._Z._Z._Z.XDC._T.S.V.N._T | U5: QSA.Q.N.NL.W0.S1M.S1.N.D.D5._Z._Z._Z.XDC._T.S.V.N._T
B6: TIME SERIES PAGE | D6: https://data.ecb.europa.eu/data/datasets/QSA/QSA.Q.N.AT.W0.S11.S1.N.D.D5._Z._Z._Z.XDC._T.S.V.N._T | E6: https://data.ecb.europa.eu/data/datasets/QSA/QSA.Q.N.AT.W0.S12.S1.N.D.D5._Z._Z._Z.XDC._T.S.V.N._T | F6: https://data.ecb.europa.eu/data/datasets/QSA/QSA.Q.N.AT.W0.S1M.S1.N.D.D5._Z._Z._Z.XDC._T.S.V.N._T | G6: https://data.ecb.europa.eu/data/datasets/QSA/QSA.Q.N.DE.W0.S11.S1.N.D.D5._Z._Z._Z.XDC._T.S.V.N._T | H6: https://data.ecb.europa.eu/data/datasets/QSA/QSA.Q.N.DE.W0.S12.S1.N.D.D5._Z._Z._Z.XDC._T.S.V.N._T | I6: https://data.ecb.europa.eu/data/datasets/QSA/QSA.Q.N.DE.W0.S1M.S1.N.D.D5._Z._Z._Z.XDC._T.S.V.N._T | J6: https://data.ecb.europa.eu/data/datasets/QSA/QSA.Q.N.FI.W0.S11.S1.N.D.D5._Z._Z._Z.XDC._T.S.V.N._T | K6: https://data.ecb.europa.eu/data/datasets/QSA/QSA.Q.N.FI.W0.S12.S1.N.D.D5._Z._Z._Z.XDC._T.S.V.N._T | L6: https://data.ecb.europa.eu/data/datasets/QSA/QSA.Q.N.FI.W0.S1M.S1.N.D.D5._Z._Z._Z.XDC._T.S.V.N._T | M6: https://data.ecb.europa.eu/data/datasets/QSA/QSA.Q.N.FR.W0.S11.S1.N.D.D5._Z._Z._Z.XDC._T.S.V.N._T | N6: https://data.ecb.europa.eu/data/datasets/QSA/QSA.Q.N.FR.W0.S12.S1.N.D.D5._Z._Z._Z.XDC._T.S.V.N._T | O6: https://data.ecb.europa.eu/data/datasets/QSA/QSA.Q.N.FR.W0.S1M.S1.N.D.D5._Z._Z._Z.XDC._T.S.V.N._T | P6: https://data.ecb.europa.eu/data/datasets/QSA/QSA.Q.N.IT.W0.S11.S1.N.D.D5._Z._Z._Z.XDC._T.S.V.N._T | Q6: https://data.ecb.europa.eu/data/datasets/QSA/QSA.Q.N.IT.W0.S12.S1.N.D.D5._Z._Z._Z.XDC._T.S.V.N._T | R6: https://data.ecb.europa.eu/data/datasets/QSA/QSA.Q.N.IT.W0.S1M.S1.N.D.D5._Z._Z._Z.XDC._T.S.V.N._T | S6: https://data.ecb.europa.eu/data/datasets/QSA/QSA.Q.N.NL.W0.S11.S1.N.D.D5._Z._Z._Z.XDC._T.S.V.N._T | T6: https://data.ecb.europa.eu/data/datasets/QSA/QSA.Q.N.NL.W0.S12.S1.N.D.D5._Z._Z._Z.XDC._T.S.V.N._T | U6: https://data.ecb.europa.eu/data/datasets/QSA/QSA.Q.N.NL.W0.S1M.S1.N.D.D5._Z._Z._Z.XDC._T.S.V.N._T
B7: GEOGRAPHICAL AREA | D7: Austria (AT) | E7: Austria (AT) | F7: Austria (AT) | G7: Germany (DE) | H7: Germany (DE) | I7: Germany (DE) | J7: Finland (FI) | K7: Finland (FI) | L7: Finland (FI) | M7: France (FR) | N7: France (FR) | O7: France (FR) | P7: Italy (IT) | Q7: Italy (IT) | R7: Italy (IT) | S7: Netherlands (NL) | T7: Netherlands (NL) | U7: Netherlands (NL)
B8: FREQUENCY | D8: Quarterly | E8: Quarterly | F8: Quarterly | G8: Quarterly | H8: Quarterly | I8: Quarterly | J8: Quarterly | K8: Quarterly | L8: Quarterly | M8: Quarterly | N8: Quarterly | O8: Quarterly | P8: Quarterly | Q8: Quarterly | R8: Quarterly | S8: Quarterly | T8: Quarterly | U8: Quarterly
B9: DATASET | D9: QSA | E9: QSA | F9: QSA | G9: QSA | H9: QSA | I9: QSA | J9: QSA | K9: QSA | L9: QSA | M9: QSA | N9: QSA | O9: QSA | P9: QSA | Q9: QSA | R9: QSA | S9: QSA | T9: QSA | U9: QSA
B10: DATA SOURCE | D10: Statistical Office of the European Commission (Eurostat) | E10: Statistical Office of the European Commission (Eurostat) | F10: Statistical Office of the European Commission (Eurostat) | G10: Statistical Office of the European Commission (Eurostat) | H10: Statistical Office of the European Commission (Eurostat) | I10: Statistical Office of the European Commission (Eurostat) | J10: Statistical Office of the European Commission (Eurostat) | K10: Statistical Office of the European Commission (Eurostat) | L10: Statistical Office of the European Commission (Eurostat) | M10: Statistical Office of the European Commission (Eurostat) | N10: Statistical Office of the European Commission (Eurostat) | O10: Statistical Office of the European Commission (Eurostat) | P10: Statistical Office of the European Commission (Eurostat) | Q10: Statistical Office of the European Commission (Eurostat) | R10: Statistical Office of the European Commission (Eurostat) | S10: Statistical Office of the European Commission (Eurostat) | T10: Statistical Office of the European Commission (Eurostat) | U10: Statistical Office of the European Commission (Eurostat)
B11: COLLECTION TYPE | D11: Summed through period (S) | E11: Summed through period (S) | F11: Summed through period (S) | G11: Summed through period (S) | H11: Summed through period (S) | I11: Summed through period (S) | J11: Summed through period (S) | K11: Summed through period (S) | L11: Summed through period (S) | M11: Summed through period (S) | N11: Summed through period (S) | O11: Summed through period (S) | P11: Summed through period (S) | Q11: Summed through period (S) | R11: Summed through period (S) | S11: Summed through period (S) | T11: Summed through period (S) | U11: Summed through period (S)
B12: UNIT | D12: Millions of Domestic currency (incl. conversion to current currency made using a fixed parity) | E12: Millions of Domestic currency (incl. conversion to current currency made using a fixed parity) | F12: Millions of Domestic currency (incl. conversion to current currency made using a fixed parity) | G12: Millions of Domestic currency (incl. conversion to current currency made using a fixed parity) | H12: Millions of Domestic currency (incl. conversion to current currency made using a fixed parity) | I12: Millions of Domestic currency (incl. conversion to current currency made using a fixed parity) | J12: Millions of Domestic currency (incl. conversion to current currency made using a fixed parity) | K12: Millions of Domestic currency (incl. conversion to current currency made using a fixed parity) | L12: Millions of Domestic currency (incl. conversion to current currency made using a fixed parity) | M12: Millions of Domestic currency (incl. conversion to current currency made using a fixed parity) | N12: Millions of Domestic currency (incl. conversion to current currency made using a fixed parity) | O12: Millions of Domestic currency (incl. conversion to current currency made using a fixed parity) | P12: Millions of Domestic currency (incl. conversion to current currency made using a fixed parity) | Q12: Millions of Domestic currency (incl. conversion to current currency made using a fixed parity) | R12: Millions of Domestic currency (incl. conversion to current currency made using a fixed parity) | S12: Millions of Domestic currency (incl. conversion to current currency made using a fixed parity) | T12: Millions of Domestic currency (incl. conversion to current currency made using a fixed parity) | U12: Millions of Domestic currency (incl. conversion to current currency made using a fixed parity)
B13: LAST UPDATED | D13: 2025-07-16 18:16:21 | E13: 2025-07-16 18:16:21 | F13: 2025-07-16 18:16:21 | G13: 2025-07-04 16:34:33 | H13: 2025-07-04 16:34:33 | I13: 2025-07-04 16:34:33 | J13: 2025-07-28 12:58:34 | K13: 2025-07-28 12:58:34 | L13: 2025-07-28 12:58:34 | M13: 2025-07-28 12:58:34 | N13: 2025-07-28 12:58:34 | O13: 2025-07-28 12:58:34 | P13: 2025-07-04 16:34:33 | Q13: 2025-07-04 16:34:33 | R13: 2025-07-04 16:34:33 | S13: 2025-07-28 12:58:34 | T13: 2025-07-28 12:58:34 | U13: 2025-07-28 12:58:34
B15: Frequency:Quarterly
B16: DATE | C16: TIME PERIOD | D16: Current taxes payable by Non financial corporations (QSA.Q.N.AT.W0.S11.S1.N.D.D5._Z._Z._Z.XDC._T.S.V.N._T) | E16: Current taxes payable by Financial corporations (QSA.Q.N.AT.W0.S12.S1.N.D.D5._Z._Z._Z.XDC._T.S.V.N._T) | F16: Current taxes payable by households (QSA.Q.N.AT.W0.S1M.S1.N.D.D5._Z._Z._Z.XDC._T.S.V.N._T) | G16: Current taxes payable by Non financial corporations (QSA.Q.N.DE.W0.S11.S1.N.D.D5._Z._Z._Z.XDC._T.S.V.N._T) | H16: Current taxes payable by Financial corporations (QSA.Q.N.DE.W0.S12.S1.N.D.D5._Z._Z._Z.XDC._T.S.V.N._T) | I16: Current taxes payable by households (QSA.Q.N.DE.W0.S1M.S1.N.D.D5._Z._Z._Z.XDC._T.S.V.N._T) | J16: Current taxes payable by Non financial corporations (QSA.Q.N.FI.W0.S11.S1.N.D.D5._Z._Z._Z.XDC._T.S.V.N._T) | K16: Current taxes payable by Financial corporations (QSA.Q.N.FI.W0.S12.S1.N.D.D5._Z._Z._Z.XDC._T.S.V.N._T) | L16: Current taxes payable by households (QSA.Q.N.FI.W0.S1M.S1.N.D.D5._Z._Z._Z.XDC._T.S.V.N._T) | M16: Current taxes payable by Non financial corporations (QSA.Q.N.FR.W0.S11.S1.N.D.D5._Z._Z._Z.XDC._T.S.V.N._T) | N16: Current taxes payable by Financial corporations (QSA.Q.N.FR.W0.S12.S1.N.D.D5._Z._Z._Z.XDC._T.S.V.N._T) | O16: Current taxes payable by households (QSA.Q.N.FR.W0.S1M.S1.N.D.D5._Z._Z._Z.XDC._T.S.V.N._T) | P16: Current taxes payable by Non financial corporations (QSA.Q.N.IT.W0.S11.S1.N.D.D5._Z._Z._Z.XDC._T.S.V.N._T) | Q16: Current taxes payable by Financial corporations (QSA.Q.N.IT.W0.S12.S1.N.D.D5._Z._Z._Z.XDC._T.S.V.N._T) | R16: Current taxes payable by households (QSA.Q.N.IT.W0.S1M.S1.N.D.D5._Z._Z._Z.XDC._T.S.V.N._T) | S16: Current taxes payable by Non financial corporations (QSA.Q.N.NL.W0.S11.S1.N.D.D5._Z._Z._Z.XDC._T.S.V.N._T) | T16: Current taxes payable by Financial corporations (QSA.Q.N.NL.W0.S12.S1.N.D.D5._Z._Z._Z.XDC._T.S.V.N._T) | U16: Current taxes payable by households (QSA.Q.N.NL.W0.S1M.S1.N.D.D5._Z._Z._Z.XDC._T.S.V.N._T)
A17: =VALUE((_xlfn.TEXTBEFORE(B17,"-"))) -> 1999 | B17: 1999-03-31 | C17: 1999Q1 | D17: 759.3 | E17: 184.3 | F17: 5195.2 | G17: 9180 | H17: 3291 | I17: 43851 | J17: 999 | K17: 240 | L17: 4120 | M17: 4221.5 | N17: 981.8 | O17: 28238.8 | P17: 644.2 | Q17: 83.4 | R17: 25427.6 | S17: 2417 | T17: 647 | U17: 6952
A18: =VALUE((_xlfn.TEXTBEFORE(B18,"-"))) -> 1999 | B18: 1999-06-30 | C18: 1999Q2 | D18: 816.4 | E18: 192.1 | F18: 5592.2 | G18: 10287 | H18: 3687 | I18: 49428 | J18: 1206 | K18: 302 | L18: 4804 | M18: 10673.3 | N18: 2226.7 | O18: 30806.9 | P18: 7000.4 | Q18: 2271.9 | R18: 32553.6 | S18: 2633 | T18: 746 | U18: 7069
A19: =VALUE((_xlfn.TEXTBEFORE(B19,"-"))) -> 1999 | B19: 1999-09-30 | C19: 1999Q3 | D19: 704.2 | E19: 218.4 | F19: 5593.6 | G19: 9549 | H19: 3423 | I19: 44919 | J19: 969 | K19: 348 | L19: 4077 | M19: 5426 | N19: 1354.1 | O19: 36139.5 | P19: 6263 | Q19: 1523 | R19: 29216.7 | S19: 3360 | T19: 621 | U19: 6901
A20: =VALUE((_xlfn.TEXTBEFORE(B20,"-"))) -> 1999 | B20: 1999-12-31 | C20: 1999Q4 | D20: 699.9 | E20: 268.6 | F20: 6813.7 | G20: 10708 | H20: 3838 | I20: 61289 | J20: 1091 | K20: 383 | L20: 4071 | M20: 8212.1 | N20: 2034.1 | O20: 33132.6 | P20: 11155.5 | Q20: 2694.7 | R20: 47448.2 | S20: 4999 | T20: 710 | U20: 7078
A21: =VALUE((_xlfn.TEXTBEFORE(B21,"-"))) -> 2000 | B21: 2000-03-31 | C21: 2000Q1 | D21: 567.3 | E21: 229.2 | F21: 5282.7 | G21: 11113 | H21: 2332 | I21: 45858 | J21: 1284 | K21: 431 | L21: 4430 | M21: 5117.9 | N21: 1593.5 | O21: 30351.2 | P21: 608.3 | Q21: 83.4 | R21: 32974 | S21: 2045 | T21: 830 | U21: 7464
A22: =VALUE((_xlfn.TEXTBEFORE(B22,"-"))) -> 2000 | B22: 2000-06-30 | C22: 2000Q2 | D22: 1033 | E22: 238.5 | F22: 5615.9 | G22: 13726 | H22: 2881 | I22: 51910 | J22: 1989 | K22: 423 | L22: 5761 | M22: 12361.8 | N22: 2954.2 | O22: 33002.6 | P22: 6335.6 | Q22: 2287.2 | R22: 32810.3 | S22: 3459 | T22: 832 | U22: 7590
A23: =VALUE((_xlfn.TEXTBEFORE(B23,"-"))) -> 2000 | B23: 2000-09-30 | C23: 2000Q3 | D23: 822.8 | E23: 268.9 | F23: 5590.5 | G23: 10679 | H23: 2242 | I23: 45897 | J23: 1422 | K23: 393 | L23: 4463 | M23: 5483.1 | N23: 1989.8 | O23: 38919.3 | P23: 5186.8 | Q23: 2030 | R23: 31822.2 | S23: 2902 | T23: 849 | U23: 7410
A24: =VALUE((_xlfn.TEXTBEFORE(B24,"-"))) -> 2000 | B24: 2000-12-31 | C24: 2000Q4 | D24: 1017.4 | E24: 327.1 | F24: 7105.7 | G24: 12540 | H24: 2635 | I24: 63685 | J24: 1740 | K24: 341 | L24: 5143 | M24: 7481 | N24: 2247.6 | O24: 31547.1 | P24: 8496.2 | Q24: 3763.7 | R24: 42925.5 | S24: 5827 | T24: 710 | U24: 7595
A25: =VALUE((_xlfn.TEXTBEFORE(B25,"-"))) -> 2001 | B25: 2001-03-31 | C25: 2001Q1 | D25: 1017.2 | E25: 241.8 | F25: 5663.7 | G25: 8105 | H25: 1773 | I25: 47894 | J25: 1151 | K25: 224 | L25: 5481 | M25: 6071 | N25: 1670.1 | O25: 32073 | P25: 811.5 | Q25: 136.2 | R25: 26730 | S25: 2366 | T25: 1273 | U25: 6730
A26: =VALUE((_xlfn.TEXTBEFORE(B26,"-"))) -> 2001 | B26: 2001-06-30 | C26: 2001Q2 | D26: 1121.6 | E26: 256.8 | F26: 5928.5 | G26: 7643 | H26: 1671 | I26: 51439 | J26: 2367 | K26: 179 | L26: 5296 | M26: 15160.4 | N26: 3155.6 | O26: 34220.3 | P26: 9692.2 | Q26: 2125.5 | R26: 34601.1 | S26: 2722 | T26: 1301 | U26: 7936
A27: =VALUE((_xlfn.TEXTBEFORE(B27,"-"))) -> 2001 | B27: 2001-09-30 | C27: 2001Q3 | D27: 1375.8 | E27: 307.3 | F27: 6232.3 | G27: 5944 | H27: 1299 | I27: 46342 | J27: 1327 | K27: 150 | L27: 4806 | M27: 6558.2 | N27: 1853.4 | O27: 38811.6 | P27: 10514 | Q27: 2157.2 | R27: 30533 | S27: 3642 | T27: 1138 | U27: 7654
A28: =VALUE((_xlfn.TEXTBEFORE(B28,"-"))) -> 2001 | B28: 2001-12-31 | C28: 2001Q4 | D28: 2168.8 | E28: 403.7 | F28: 7877.3 | G28: 5804 | H28: 1271 | I28: 61261 | J28: 560 | K28: 128 | L28: 4712 | M28: 7597.7 | N28: 2034.9 | O28: 34229.8 | P28: 11042.9 | Q28: 3558 | R28: 49428 | S28: 4230 | T28: 996 | U28: 8084
... A121: =VALUE((_xlfn.TEXTBEFORE(B121,"-"))) -> 2025 | B121: 2025-03-31 | C121: 2025Q1 | D121: 2278.3 | E121: 351 | F121: 11071.3 | G121: 29992 | H121: 2170 | I121: 101737 | J121: 2076 | K121: 268 | L121: 10510 | M121: 16254.2 | N121: 3767 | O121: 68201 | P121: 2942.2 | Q121: 572 | R121: 54827.4 | S121: 10159 | T121: 1727 | U121: 29858

Sheet Annual
C3: Austria | D3: Austria | E3: Austria | F3: Germany | G3: Germany | H3: Germany | I3: Finland | J3: Finland | K3: Finland | L3: France | M3: France | N3: France | O3: Italy | P3: Italy | Q3: Italy | R3: Netherlands | S3: Netherlands | T3: Netherlands
C4: T_non-finan_corp | D4: T_finan_corp | E4: T_HH_ECB | F4: T_non-finan_corp | G4: T_finan_corp | H4: T_HH_ECB | I4: T_non-finan_corp | J4: T_finan_corp | K4: T_HH_ECB | L4: T_non-finan_corp | M4: T_finan_corp | N4: T_HH_ECB | O4: T_non-finan_corp | P4: T_finan_corp | Q4: T_HH_ECB | R4: T_non-finan_corp | S4: T_finan_corp | T4: T_HH_ECB
B5: 1999 | C5: =SUMIFS(Quarterly!D:D,Quarterly!$A:$A,Annual!$B5)*10^6 -> 2.9798e+09 | D5: =SUMIFS(Quarterly!E:E,Quarterly!$A:$A,Annual!$B5)*10^6 -> 863400000 | E5: =SUMIFS(Quarterly!F:F,Quarterly!$A:$A,Annual!$B5)*10^6 -> 23194700000 | F5: =SUMIFS(Quarterly!G:G,Quarterly!$A:$A,Annual!$B5)*10^6 -> 39724000000 | G5: =SUMIFS(Quarterly!H:H,Quarterly!$A:$A,Annual!$B5)*10^6 -> 14239000000 | H5: =SUMIFS(Quarterly!I:I,Quarterly!$A:$A,Annual!$B5)*10^6 -> 199487000000 | I5: =SUMIFS(Quarterly!J:J,Quarterly!$A:$A,Annual!$B5)*10^6 -> 4265000000 | J5: =SUMIFS(Quarterly!K:K,Quarterly!$A:$A,Annual!$B5)*10^6 -> 1273000000 | K5: =SUMIFS(Quarterly!L:L,Quarterly!$A:$A,Annual!$B5)*10^6 -> 17072000000 | L5: =SUMIFS(Quarterly!M:M,Quarterly!$A:$A,Annual!$B5)*10^6 -> 28532900000 | M5: =SUMIFS(Quarterly!N:N,Quarterly!$A:$A,Annual!$B5)*10^6 -> 6.5967e+09 | N5: =SUMIFS(Quarterly!O:O,Quarterly!$A:$A,Annual!$B5)*10^6 -> 1.283178e+11 | O5: =SUMIFS(Quarterly!P:P,Quarterly!$A:$A,Annual!$B5)*10^6 -> 25063100000 | P5: =SUMIFS(Quarterly!Q:Q,Quarterly!$A:$A,Annual!$B5)*10^6 -> 6573000000 | Q5: =SUMIFS(Quarterly!R:R,Quarterly!$A:$A,Annual!$B5)*10^6 -> 1.346461e+11 | R5: =SUMIFS(Quarterly!S:S,Quarterly!$A:$A,Annual!$B5)*10^6 -> 13409000000 | S5: =SUMIFS(Quarterly!T:T,Quarterly!$A:$A,Annual!$B5)*10^6 -> 2724000000 | T5: =SUMIFS(Quarterly!U:U,Quarterly!$A:$A,Annual!$B5)*10^6 -> 28000000000
B6: =B5+1 -> 2000 | C6: =SUMIFS(Quarterly!D:D,Quarterly!$A:$A,Annual!$B6)*10^6 -> 3440500000 | D6: =SUMIFS(Quarterly!E:E,Quarterly!$A:$A,Annual!$B6)*10^6 -> 1.0637e+09 | E6: =SUMIFS(Quarterly!F:F,Quarterly!$A:$A,Annual!$B6)*10^6 -> 23594800000 | F6: =SUMIFS(Quarterly!G:G,Quarterly!$A:$A,Annual!$B6)*10^6 -> 48058000000 | G6: =SUMIFS(Quarterly!H:H,Quarterly!$A:$A,Annual!$B6)*10^6 -> 10090000000 | H6: =SUMIFS(Quarterly!I:I,Quarterly!$A:$A,Annual!$B6)*10^6 -> 207350000000 | I6: =SUMIFS(Quarterly!J:J,Quarterly!$A:$A,Annual!$B6)*10^6 -> 6435000000 | J6: =SUMIFS(Quarterly!K:K,Quarterly!$A:$A,Annual!$B6)*10^6 -> 1588000000 | K6: =SUMIFS(Quarterly!L:L,Quarterly!$A:$A,Annual!$B6)*10^6 -> 19797000000 | L6: =SUMIFS(Quarterly!M:M,Quarterly!$A:$A,Annual!$B6)*10^6 -> 3.04438e+10 | M6: =SUMIFS(Quarterly!N:N,Quarterly!$A:$A,Annual!$B6)*10^6 -> 8785100000 | N6: =SUMIFS(Quarterly!O:O,Quarterly!$A:$A,Annual!$B6)*10^6 -> 1.338202e+11 | O6: =SUMIFS(Quarterly!P:P,Quarterly!$A:$A,Annual!$B6)*10^6 -> 20626900000 | P6: =SUMIFS(Quarterly!Q:Q,Quarterly!$A:$A,Annual!$B6)*10^6 -> 8164300000 | Q6: =SUMIFS(Quarterly!R:R,Quarterly!$A:$A,Annual!$B6)*10^6 -> 140532000000 | R6: =SUMIFS(Quarterly!S:S,Quarterly!$A:$A,Annual!$B6)*10^6 -> 14233000000 | S6: =SUMIFS(Quarterly!T:T,Quarterly!$A:$A,Annual!$B6)*10^6 -> 3221000000 | T6: =SUMIFS(Quarterly!U:U,Quarterly!$A:$A,Annual!$B6)*10^6 -> 30059000000
B7: =B6+1 -> 2001 | C7: =SUMIFS(Quarterly!D:D,Quarterly!$A:$A,Annual!$B7)*10^6 -> 5.6834e+09 | D7: =SUMIFS(Quarterly!E:E,Quarterly!$A:$A,Annual!$B7)*10^6 -> 1.2096e+09 | E7: =SUMIFS(Quarterly!F:F,Quarterly!$A:$A,Annual!$B7)*10^6 -> 25701800000 | F7: =SUMIFS(Quarterly!G:G,Quarterly!$A:$A,Annual!$B7)*10^6 -> 27496000000 | G7: =SUMIFS(Quarterly!H:H,Quarterly!$A:$A,Annual!$B7)*10^6 -> 6014000000 | H7: =SUMIFS(Quarterly!I:I,Quarterly!$A:$A,Annual!$B7)*10^6 -> 206936000000 | I7: =SUMIFS(Quarterly!J:J,Quarterly!$A:$A,Annual!$B7)*10^6 -> 5405000000 | J7: =SUMIFS(Quarterly!K:K,Quarterly!$A:$A,Annual!$B7)*10^6 -> 681000000 | K7: =SUMIFS(Quarterly!L:L,Quarterly!$A:$A,Annual!$B7)*10^6 -> 20295000000 | L7: =SUMIFS(Quarterly!M:M,Quarterly!$A:$A,Annual!$B7)*10^6 -> 35387300000 | M7: =SUMIFS(Quarterly!N:N,Quarterly!$A:$A,Annual!$B7)*10^6 -> 8714000000 | N7: =SUMIFS(Quarterly!O:O,Quarterly!$A:$A,Annual!$B7)*10^6 -> 139334700000 | O7: =SUMIFS(Quarterly!P:P,Quarterly!$A:$A,Annual!$B7)*10^6 -> 32060600000 | P7: =SUMIFS(Quarterly!Q:Q,Quarterly!$A:$A,Annual!$B7)*10^6 -> 7976900000 | Q7: =SUMIFS(Quarterly!R:R,Quarterly!$A:$A,Annual!$B7)*10^6 -> 141292100000 | R7: =SUMIFS(Quarterly!S:S,Quarterly!$A:$A,Annual!$B7)*10^6 -> 12960000000 | S7: =SUMIFS(Quarterly!T:T,Quarterly!$A:$A,Annual!$B7)*10^6 -> 4708000000 | T7: =SUMIFS(Quarterly!U:U,Quarterly!$A:$A,Annual!$B7)*10^6 -> 30404000000
B8: =B7+1 -> 2002 | C8: =SUMIFS(Quarterly!D:D,Quarterly!$A:$A,Annual!$B8)*10^6 -> 4111200000 | D8: =SUMIFS(Quarterly!E:E,Quarterly!$A:$A,Annual!$B8)*10^6 -> 1121800000 | E8: =SUMIFS(Quarterly!F:F,Quarterly!$A:$A,Annual!$B8)*10^6 -> 25779300000 | F8: =SUMIFS(Quarterly!G:G,Quarterly!$A:$A,Annual!$B8)*10^6 -> 26901000000 | G8: =SUMIFS(Quarterly!H:H,Quarterly!$A:$A,Annual!$B8)*10^6 -> 6153000000 | H8: =SUMIFS(Quarterly!I:I,Quarterly!$A:$A,Annual!$B8)*10^6 -> 202288000000 | I8: =SUMIFS(Quarterly!J:J,Quarterly!$A:$A,Annual!$B8)*10^6 -> 5742000000 | J8: =SUMIFS(Quarterly!K:K,Quarterly!$A:$A,Annual!$B8)*10^6 -> 525000000 | K8: =SUMIFS(Quarterly!L:L,Quarterly!$A:$A,Annual!$B8)*10^6 -> 20747000000 | L8: =SUMIFS(Quarterly!M:M,Quarterly!$A:$A,Annual!$B8)*10^6 -> 30253000000 | M8: =SUMIFS(Quarterly!N:N,Quarterly!$A:$A,Annual!$B8)*10^6 -> 7.9447e+09 | N8: =SUMIFS(Quarterly!O:O,Quarterly!$A:$A,Annual!$B8)*10^6 -> 138428800000 | O8: =SUMIFS(Quarterly!P:P,Quarterly!$A:$A,Annual!$B8)*10^6 -> 27249600000 | P8: =SUMIFS(Quarterly!Q:Q,Quarterly!$A:$A,Annual!$B8)*10^6 -> 8074600000 | Q8: =SUMIFS(Quarterly!R:R,Quarterly!$A:$A,Annual!$B8)*10^6 -> 143300300000 | R8: =SUMIFS(Quarterly!S:S,Quarterly!$A:$A,Annual!$B8)*10^6 -> 12041000000 | S8: =SUMIFS(Quarterly!T:T,Quarterly!$A:$A,Annual!$B8)*10^6 -> 3559000000 | T8: =SUMIFS(Quarterly!U:U,Quarterly!$A:$A,Annual!$B8)*10^6 -> 35371000000
B9: =B8+1 -> 2003 | C9: =SUMIFS(Quarterly!D:D,Quarterly!$A:$A,Annual!$B9)*10^6 -> 4297000000 | D9: =SUMIFS(Quarterly!E:E,Quarterly!$A:$A,Annual!$B9)*10^6 -> 892900000 | E9: =SUMIFS(Quarterly!F:F,Quarterly!$A:$A,Annual!$B9)*10^6 -> 2.6103e+10 | F9: =SUMIFS(Quarterly!G:G,Quarterly!$A:$A,Annual!$B9)*10^6 -> 28471000000 | G9: =SUMIFS(Quarterly!H:H,Quarterly!$A:$A,Annual!$B9)*10^6 -> 9120000000 | H9: =SUMIFS(Quarterly!I:I,Quarterly!$A:$A,Annual!$B9)*10^6 -> 198688000000 | I9: =SUMIFS(Quarterly!J:J,Quarterly!$A:$A,Annual!$B9)*10^6 -> 4575000000 | J9: =SUMIFS(Quarterly!K:K,Quarterly!$A:$A,Annual!$B9)*10^6 -> 627000000 | K9: =SUMIFS(Quarterly!L:L,Quarterly!$A:$A,Annual!$B9)*10^6 -> 20656000000 | L9: =SUMIFS(Quarterly!M:M,Quarterly!$A:$A,Annual!$B9)*10^6 -> 2.66808e+10 | M9: =SUMIFS(Quarterly!N:N,Quarterly!$A:$A,Annual!$B9)*10^6 -> 6.2707e+09 | N9: =SUMIFS(Quarterly!O:O,Quarterly!$A:$A,Annual!$B9)*10^6 -> 143405400000 | O9: =SUMIFS(Quarterly!P:P,Quarterly!$A:$A,Annual!$B9)*10^6 -> 2.21907e+10 | P9: =SUMIFS(Quarterly!Q:Q,Quarterly!$A:$A,Annual!$B9)*10^6 -> 9.3846e+09 | Q9: =SUMIFS(Quarterly!R:R,Quarterly!$A:$A,Annual!$B9)*10^6 -> 145156300000 | R9: =SUMIFS(Quarterly!S:S,Quarterly!$A:$A,Annual!$B9)*10^6 -> 9524000000 | S9: =SUMIFS(Quarterly!T:T,Quarterly!$A:$A,Annual!$B9)*10^6 -> 3998000000 | T9: =SUMIFS(Quarterly!U:U,Quarterly!$A:$A,Annual!$B9)*10^6 -> 34236000000
B10: =B9+1 -> 2004 | C10: =SUMIFS(Quarterly!D:D,Quarterly!$A:$A,Annual!$B10)*10^6 -> 4727700000 | D10: =SUMIFS(Quarterly!E:E,Quarterly!$A:$A,Annual!$B10)*10^6 -> 874800000 | E10: =SUMIFS(Quarterly!F:F,Quarterly!$A:$A,Annual!$B10)*10^6 -> 2.65846e+10 | F10: =SUMIFS(Quarterly!G:G,Quarterly!$A:$A,Annual!$B10)*10^6 -> 37680000000 | G10: =SUMIFS(Quarterly!H:H,Quarterly!$A:$A,Annual!$B10)*10^6 -> 8429000000 | H10: =SUMIFS(Quarterly!I:I,Quarterly!$A:$A,Annual!$B10)*10^6 -> 189840000000 | I10: =SUMIFS(Quarterly!J:J,Quarterly!$A:$A,Annual!$B10)*10^6 -> 5109000000 | J10: =SUMIFS(Quarterly!K:K,Quarterly!$A:$A,Annual!$B10)*10^6 -> 517000000 | K10: =SUMIFS(Quarterly!L:L,Quarterly!$A:$A,Annual!$B10)*10^6 -> 21243000000 | L10: =SUMIFS(Quarterly!M:M,Quarterly!$A:$A,Annual!$B10)*10^6 -> 29276500000 | M10: =SUMIFS(Quarterly!N:N,Quarterly!$A:$A,Annual!$B10)*10^6 -> 9501900000 | N10: =SUMIFS(Quarterly!O:O,Quarterly!$A:$A,Annual!$B10)*10^6 -> 147847100000 | O10: =SUMIFS(Quarterly!P:P,Quarterly!$A:$A,Annual!$B10)*10^6 -> 25656800000 | P10: =SUMIFS(Quarterly!Q:Q,Quarterly!$A:$A,Annual!$B10)*10^6 -> 7987300000 | Q10: =SUMIFS(Quarterly!R:R,Quarterly!$A:$A,Annual!$B10)*10^6 -> 149917700000 | R10: =SUMIFS(Quarterly!S:S,Quarterly!$A:$A,Annual!$B10)*10^6 -> 10482000000 | S10: =SUMIFS(Quarterly!T:T,Quarterly!$A:$A,Annual!$B10)*10^6 -> 4736000000 | T10: =SUMIFS(Quarterly!U:U,Quarterly!$A:$A,Annual!$B10)*10^6 -> 35205000000
B11: =B10+1 -> 2005 | C11: =SUMIFS(Quarterly!D:D,Quarterly!$A:$A,Annual!$B11)*10^6 -> 4.8562e+09 | D11: =SUMIFS(Quarterly!E:E,Quarterly!$A:$A,Annual!$B11)*10^6 -> 865900000 | E11: =SUMIFS(Quarterly!F:F,Quarterly!$A:$A,Annual!$B11)*10^6 -> 26659900000 | F11: =SUMIFS(Quarterly!G:G,Quarterly!$A:$A,Annual!$B11)*10^6 -> 40109000000 | G11: =SUMIFS(Quarterly!H:H,Quarterly!$A:$A,Annual!$B11)*10^6 -> 13408000000 | H11: =SUMIFS(Quarterly!I:I,Quarterly!$A:$A,Annual!$B11)*10^6 -> 192286000000 | I11: =SUMIFS(Quarterly!J:J,Quarterly!$A:$A,Annual!$B11)*10^6 -> 5105000000 | J11: =SUMIFS(Quarterly!K:K,Quarterly!$A:$A,Annual!$B11)*10^6 -> 451000000 | K11: =SUMIFS(Quarterly!L:L,Quarterly!$A:$A,Annual!$B11)*10^6 -> 22252000000 | L11: =SUMIFS(Quarterly!M:M,Quarterly!$A:$A,Annual!$B11)*10^6 -> 3.39629e+10 | M11: =SUMIFS(Quarterly!N:N,Quarterly!$A:$A,Annual!$B11)*10^6 -> 7018400000 | N11: =SUMIFS(Quarterly!O:O,Quarterly!$A:$A,Annual!$B11)*10^6 -> 156111300000 | O11: =SUMIFS(Quarterly!P:P,Quarterly!$A:$A,Annual!$B11)*10^6 -> 25642000000 | P11: =SUMIFS(Quarterly!Q:Q,Quarterly!$A:$A,Annual!$B11)*10^6 -> 8261100000 | Q11: =SUMIFS(Quarterly!R:R,Quarterly!$A:$A,Annual!$B11)*10^6 -> 154951000000 | R11: =SUMIFS(Quarterly!S:S,Quarterly!$A:$A,Annual!$B11)*10^6 -> 13398000000 | S11: =SUMIFS(Quarterly!T:T,Quarterly!$A:$A,Annual!$B11)*10^6 -> 4187000000 | T11: =SUMIFS(Quarterly!U:U,Quarterly!$A:$A,Annual!$B11)*10^6 -> 36204000000
B12: =B11+1 -> 2006 | C12: =SUMIFS(Quarterly!D:D,Quarterly!$A:$A,Annual!$B12)*10^6 -> 5098600000 | D12: =SUMIFS(Quarterly!E:E,Quarterly!$A:$A,Annual!$B12)*10^6 -> 825400000 | E12: =SUMIFS(Quarterly!F:F,Quarterly!$A:$A,Annual!$B12)*10^6 -> 2.80274e+10 | F12: =SUMIFS(Quarterly!G:G,Quarterly!$A:$A,Annual!$B12)*10^6 -> 58642000000 | G12: =SUMIFS(Quarterly!H:H,Quarterly!$A:$A,Annual!$B12)*10^6 -> 7667000000 | H12: =SUMIFS(Quarterly!I:I,Quarterly!$A:$A,Annual!$B12)*10^6 -> 206383000000 | I12: =SUMIFS(Quarterly!J:J,Quarterly!$A:$A,Annual!$B12)*10^6 -> 5093000000 | J12: =SUMIFS(Quarterly!K:K,Quarterly!$A:$A,Annual!$B12)*10^6 -> 851000000 | K12: =SUMIFS(Quarterly!L:L,Quarterly!$A:$A,Annual!$B12)*10^6 -> 23008000000 | L12: =SUMIFS(Quarterly!M:M,Quarterly!$A:$A,Annual!$B12)*10^6 -> 43402800000 | M12: =SUMIFS(Quarterly!N:N,Quarterly!$A:$A,Annual!$B12)*10^6 -> 9.1648e+09 | N12: =SUMIFS(Quarterly!O:O,Quarterly!$A:$A,Annual!$B12)*10^6 -> 1.621149e+11 | O12: =SUMIFS(Quarterly!P:P,Quarterly!$A:$A,Annual!$B12)*10^6 -> 3.68671e+10 | P12: =SUMIFS(Quarterly!Q:Q,Quarterly!$A:$A,Annual!$B12)*10^6 -> 7.5952e+09 | Q12: =SUMIFS(Quarterly!R:R,Quarterly!$A:$A,Annual!$B12)*10^6 -> 167116800000 | R12: =SUMIFS(Quarterly!S:S,Quarterly!$A:$A,Annual!$B12)*10^6 -> 14827000000 | S12: =SUMIFS(Quarterly!T:T,Quarterly!$A:$A,Annual!$B12)*10^6 -> 3877000000 | T12: =SUMIFS(Quarterly!U:U,Quarterly!$A:$A,Annual!$B12)*10^6 -> 39184000000
B13: =B12+1 -> 2007 | C13: =SUMIFS(Quarterly!D:D,Quarterly!$A:$A,Annual!$B13)*10^6 -> 6069800000 | D13: =SUMIFS(Quarterly!E:E,Quarterly!$A:$A,Annual!$B13)*10^6 -> 966500000 | E13: =SUMIFS(Quarterly!F:F,Quarterly!$A:$A,Annual!$B13)*10^6 -> 3.02809e+10 | F13: =SUMIFS(Quarterly!G:G,Quarterly!$A:$A,Annual!$B13)*10^6 -> 59306000000 | G13: =SUMIFS(Quarterly!H:H,Quarterly!$A:$A,Annual!$B13)*10^6 -> 10249000000 | H13: =SUMIFS(Quarterly!I:I,Quarterly!$A:$A,Annual!$B13)*10^6 -> 224824000000 | I13: =SUMIFS(Quarterly!J:J,Quarterly!$A:$A,Annual!$B13)*10^6 -> 6359000000 | J13: =SUMIFS(Quarterly!K:K,Quarterly!$A:$A,Annual!$B13)*10^6 -> 937000000 | K13: =SUMIFS(Quarterly!L:L,Quarterly!$A:$A,Annual!$B13)*10^6 -> 24456000000 | L13: =SUMIFS(Quarterly!M:M,Quarterly!$A:$A,Annual!$B13)*10^6 -> 45842500000 | M13: =SUMIFS(Quarterly!N:N,Quarterly!$A:$A,Annual!$B13)*10^6 -> 10346400000 | N13: =SUMIFS(Quarterly!O:O,Quarterly!$A:$A,Annual!$B13)*10^6 -> 167081500000 | O13: =SUMIFS(Quarterly!P:P,Quarterly!$A:$A,Annual!$B13)*10^6 -> 43511700000 | P13: =SUMIFS(Quarterly!Q:Q,Quarterly!$A:$A,Annual!$B13)*10^6 -> 7387200000 | Q13: =SUMIFS(Quarterly!R:R,Quarterly!$A:$A,Annual!$B13)*10^6 -> 179499200000 | R13: =SUMIFS(Quarterly!S:S,Quarterly!$A:$A,Annual!$B13)*10^6 -> 16211000000 | S13: =SUMIFS(Quarterly!T:T,Quarterly!$A:$A,Annual!$B13)*10^6 -> 3789000000 | T13: =SUMIFS(Quarterly!U:U,Quarterly!$A:$A,Annual!$B13)*10^6 -> 44194000000
B14: =B13+1 -> 2008 | C14: =SUMIFS(Quarterly!D:D,Quarterly!$A:$A,Annual!$B14)*10^6 -> 6503900000 | D14: =SUMIFS(Quarterly!E:E,Quarterly!$A:$A,Annual!$B14)*10^6 -> 9.602e+08 | E14: =SUMIFS(Quarterly!F:F,Quarterly!$A:$A,Annual!$B14)*10^6 -> 32858600000 | F14: =SUMIFS(Quarterly!G:G,Quarterly!$A:$A,Annual!$B14)*10^6 -> 59182000000 | G14: =SUMIFS(Quarterly!H:H,Quarterly!$A:$A,Annual!$B14)*10^6 -> 4908000000 | H14: =SUMIFS(Quarterly!I:I,Quarterly!$A:$A,Annual!$B14)*10^6 -> 244245000000 | I14: =SUMIFS(Quarterly!J:J,Quarterly!$A:$A,Annual!$B14)*10^6 -> 6457000000 | J14: =SUMIFS(Quarterly!K:K,Quarterly!$A:$A,Annual!$B14)*10^6 -> 441000000 | K14: =SUMIFS(Quarterly!L:L,Quarterly!$A:$A,Annual!$B14)*10^6 -> 25645000000 | L14: =SUMIFS(Quarterly!M:M,Quarterly!$A:$A,Annual!$B14)*10^6 -> 48339900000 | M14: =SUMIFS(Quarterly!N:N,Quarterly!$A:$A,Annual!$B14)*10^6 -> 6.5034e+09 | N14: =SUMIFS(Quarterly!O:O,Quarterly!$A:$A,Annual!$B14)*10^6 -> 176911700000 | O14: =SUMIFS(Quarterly!P:P,Quarterly!$A:$A,Annual!$B14)*10^6 -> 42336100000 | P14: =SUMIFS(Quarterly!Q:Q,Quarterly!$A:$A,Annual!$B14)*10^6 -> 6008900000 | Q14: =SUMIFS(Quarterly!R:R,Quarterly!$A:$A,Annual!$B14)*10^6 -> 1.894652e+11 | R14: =SUMIFS(Quarterly!S:S,Quarterly!$A:$A,Annual!$B14)*10^6 -> 16198000000 | S14: =SUMIFS(Quarterly!T:T,Quarterly!$A:$A,Annual!$B14)*10^6 -> 3615000000 | T14: =SUMIFS(Quarterly!U:U,Quarterly!$A:$A,Annual!$B14)*10^6 -> 49673000000
B15: =B14+1 -> 2009 | C15: =SUMIFS(Quarterly!D:D,Quarterly!$A:$A,Annual!$B15)*10^6 -> 4392100000 | D15: =SUMIFS(Quarterly!E:E,Quarterly!$A:$A,Annual!$B15)*10^6 -> 694100000 | E15: =SUMIFS(Quarterly!F:F,Quarterly!$A:$A,Annual!$B15)*10^6 -> 30839000000 | F15: =SUMIFS(Quarterly!G:G,Quarterly!$A:$A,Annual!$B15)*10^6 -> 37713000000 | G15: =SUMIFS(Quarterly!H:H,Quarterly!$A:$A,Annual!$B15)*10^6 -> 7577000000 | H15: =SUMIFS(Quarterly!I:I,Quarterly!$A:$A,Annual!$B15)*10^6 -> 232027000000 | I15: =SUMIFS(Quarterly!J:J,Quarterly!$A:$A,Annual!$B15)*10^6 -> 3109000000 | J15: =SUMIFS(Quarterly!K:K,Quarterly!$A:$A,Annual!$B15)*10^6 -> 843000000 | K15: =SUMIFS(Quarterly!L:L,Quarterly!$A:$A,Annual!$B15)*10^6 -> 24109000000 | L15: =SUMIFS(Quarterly!M:M,Quarterly!$A:$A,Annual!$B15)*10^6 -> 24832600000 | M15: =SUMIFS(Quarterly!N:N,Quarterly!$A:$A,Annual!$B15)*10^6 -> 5.9861e+09 | N15: =SUMIFS(Quarterly!O:O,Quarterly!$A:$A,Annual!$B15)*10^6 -> 170915800000 | O15: =SUMIFS(Quarterly!P:P,Quarterly!$A:$A,Annual!$B15)*10^6 -> 3.28791e+10 | P15: =SUMIFS(Quarterly!Q:Q,Quarterly!$A:$A,Annual!$B15)*10^6 -> 5247800000 | Q15: =SUMIFS(Quarterly!R:R,Quarterly!$A:$A,Annual!$B15)*10^6 -> 183070200000 | R15: =SUMIFS(Quarterly!S:S,Quarterly!$A:$A,Annual!$B15)*10^6 -> 9185000000 | S15: =SUMIFS(Quarterly!T:T,Quarterly!$A:$A,Annual!$B15)*10^6 -> 3342000000 | T15: =SUMIFS(Quarterly!U:U,Quarterly!$A:$A,Annual!$B15)*10^6 -> 52146000000
B16: =B15+1 -> 2010 | C16: =SUMIFS(Quarterly!D:D,Quarterly!$A:$A,Annual!$B16)*10^6 -> 4963400000 | D16: =SUMIFS(Quarterly!E:E,Quarterly!$A:$A,Annual!$B16)*10^6 -> 8.084e+08 | E16: =SUMIFS(Quarterly!F:F,Quarterly!$A:$A,Annual!$B16)*10^6 -> 3.13477e+10 | F16: =SUMIFS(Quarterly!G:G,Quarterly!$A:$A,Annual!$B16)*10^6 -> 43986000000 | G16: =SUMIFS(Quarterly!H:H,Quarterly!$A:$A,Annual!$B16)*10^6 -> 8379000000 | H16: =SUMIFS(Quarterly!I:I,Quarterly!$A:$A,Annual!$B16)*10^6 -> 224643000000 | I16: =SUMIFS(Quarterly!J:J,Quarterly!$A:$A,Annual!$B16)*10^6 -> 3843000000 | J16: =SUMIFS(Quarterly!K:K,Quarterly!$A:$A,Annual!$B16)*10^6 -> 663000000 | K16: =SUMIFS(Quarterly!L:L,Quarterly!$A:$A,Annual!$B16)*10^6 -> 23208000000 | L16: =SUMIFS(Quarterly!M:M,Quarterly!$A:$A,Annual!$B16)*10^6 -> 3.30013e+10 | M16: =SUMIFS(Quarterly!N:N,Quarterly!$A:$A,Annual!$B16)*10^6 -> 10027300000 | N16: =SUMIFS(Quarterly!O:O,Quarterly!$A:$A,Annual!$B16)*10^6 -> 175301300000 | O16: =SUMIFS(Quarterly!P:P,Quarterly!$A:$A,Annual!$B16)*10^6 -> 3.26789e+10 | P16: =SUMIFS(Quarterly!Q:Q,Quarterly!$A:$A,Annual!$B16)*10^6 -> 4784500000 | Q16: =SUMIFS(Quarterly!R:R,Quarterly!$A:$A,Annual!$B16)*10^6 -> 188139800000 | R16: =SUMIFS(Quarterly!S:S,Quarterly!$A:$A,Annual!$B16)*10^6 -> 9388000000 | S16: =SUMIFS(Quarterly!T:T,Quarterly!$A:$A,Annual!$B16)*10^6 -> 4681000000 | T16: =SUMIFS(Quarterly!U:U,Quarterly!$A:$A,Annual!$B16)*10^6 -> 52521000000
B17: =B16+1 -> 2011 | C17: =SUMIFS(Quarterly!D:D,Quarterly!$A:$A,Annual!$B17)*10^6 -> 5556100000 | D17: =SUMIFS(Quarterly!E:E,Quarterly!$A:$A,Annual!$B17)*10^6 -> 890300000 | E17: =SUMIFS(Quarterly!F:F,Quarterly!$A:$A,Annual!$B17)*10^6 -> 32733900000 | F17: =SUMIFS(Quarterly!G:G,Quarterly!$A:$A,Annual!$B17)*10^6 -> 58084000000 | G17: =SUMIFS(Quarterly!H:H,Quarterly!$A:$A,Annual!$B17)*10^6 -> 6115000000 | H17: =SUMIFS(Quarterly!I:I,Quarterly!$A:$A,Annual!$B17)*10^6 -> 235545000000 | I17: =SUMIFS(Quarterly!J:J,Quarterly!$A:$A,Annual!$B17)*10^6 -> 4456000000 | J17: =SUMIFS(Quarterly!K:K,Quarterly!$A:$A,Annual!$B17)*10^6 -> 624000000 | K17: =SUMIFS(Quarterly!L:L,Quarterly!$A:$A,Annual!$B17)*10^6 -> 24861000000 | L17: =SUMIFS(Quarterly!M:M,Quarterly!$A:$A,Annual!$B17)*10^6 -> 37947300000 | M17: =SUMIFS(Quarterly!N:N,Quarterly!$A:$A,Annual!$B17)*10^6 -> 12652600000 | N17: =SUMIFS(Quarterly!O:O,Quarterly!$A:$A,Annual!$B17)*10^6 -> 184779200000 | O17: =SUMIFS(Quarterly!P:P,Quarterly!$A:$A,Annual!$B17)*10^6 -> 3.11607e+10 | P17: =SUMIFS(Quarterly!Q:Q,Quarterly!$A:$A,Annual!$B17)*10^6 -> 5687700000 | Q17: =SUMIFS(Quarterly!R:R,Quarterly!$A:$A,Annual!$B17)*10^6 -> 189150700000 | R17: =SUMIFS(Quarterly!S:S,Quarterly!$A:$A,Annual!$B17)*10^6 -> 9038000000 | S17: =SUMIFS(Quarterly!T:T,Quarterly!$A:$A,Annual!$B17)*10^6 -> 4620000000 | T17: =SUMIFS(Quarterly!U:U,Quarterly!$A:$A,Annual!$B17)*10^6 -> 55521000000
... B30: =B29+1 -> 2024 | C30: =SUMIFS(Quarterly!D:D,Quarterly!$A:$A,Annual!$B30)*10^6 -> 13258900000 | D30: =SUMIFS(Quarterly!E:E,Quarterly!$A:$A,Annual!$B30)*10^6 -> 2.0537e+09 | E30: =SUMIFS(Quarterly!F:F,Quarterly!$A:$A,Annual!$B30)*10^6 -> 53633700000 | F30: =SUMIFS(Quarterly!G:G,Quarterly!$A:$A,Annual!$B30)*10^6 -> 119612000000 | G30: =SUMIFS(Quarterly!H:H,Quarterly!$A:$A,Annual!$B30)*10^6 -> 8553000000 | H30: =SUMIFS(Quarterly!I:I,Quarterly!$A:$A,Annual!$B30)*10^6 -> 410825000000 | I30: =SUMIFS(Quarterly!J:J,Quarterly!$A:$A,Annual!$B30)*10^6 -> 5432000000 | J30: =SUMIFS(Quarterly!K:K,Quarterly!$A:$A,Annual!$B30)*10^6 -> 1551000000 | K30: =SUMIFS(Quarterly!L:L,Quarterly!$A:$A,Annual!$B30)*10^6 -> 37086000000 | L30: =SUMIFS(Quarterly!M:M,Quarterly!$A:$A,Annual!$B30)*10^6 -> 6.52276e+10 | M30: =SUMIFS(Quarterly!N:N,Quarterly!$A:$A,Annual!$B30)*10^6 -> 1.49111e+10 | N30: =SUMIFS(Quarterly!O:O,Quarterly!$A:$A,Annual!$B30)*10^6 -> 280733400000 | O30: =SUMIFS(Quarterly!P:P,Quarterly!$A:$A,Annual!$B30)*10^6 -> 4.54559e+10 | P30: =SUMIFS(Quarterly!Q:Q,Quarterly!$A:$A,Annual!$B30)*10^6 -> 13109800000 | Q30: =SUMIFS(Quarterly!R:R,Quarterly!$A:$A,Annual!$B30)*10^6 -> 2.805783e+11 | R30: =SUMIFS(Quarterly!S:S,Quarterly!$A:$A,Annual!$B30)*10^6 -> 41044000000 | S30: =SUMIFS(Quarterly!T:T,Quarterly!$A:$A,Annual!$B30)*10^6 -> 7869000000 | T30: =SUMIFS(Quarterly!U:U,Quarterly!$A:$A,Annual!$B30)*10^6 -> 118025000000
